グループ,施設名,郵便番号,所在地,緯度,経度,電話番号
児童館,北島田児童館,770-0051,徳島市北島田町3丁目57,,,088-632-0020
児童館,応神児童館,771-1153,徳島市応神町吉成字西吉成142-2,,,088-641-3610
児童館,不動児童館,770-0062,徳島市不動東町4丁目1532-1,,,088-631-6500
児童館,鮎喰児童館,770-0046,徳島市鮎喰1丁目226-1,,,088-632-4231
児童館,南井上児童館,779-3117,徳島市国府町日開944-1,,,088-642-7151
児童館,芝原児童館,779-3112,徳島市国府町芝原字神楽免43-1,,,088-642-4995
児童館,一宮児童館,779-3132,徳島市一宮町西丁1000-2,,,088-644-3155
児童館,上八万児童館,770-8040,徳島市上八万町樋口61,,,088-668-6391
児童館,勝占東部児童館,770-8012,徳島市大原町中須16-19,,,088-662-6730
児童館,沖洲児童館,770-0872,徳島市北沖洲3丁目-4-7,,,088-664-3915
児童館,八万中央児童館,770-8076,徳島市八万町内浜80-14,,,088-668-8193
児童館,加茂児童館,770-0003,徳島市北田宮4丁目6-60,,,088-633-7679
児童館,渭東児童館,770-0868,徳島市福島2丁目4-24,,,088-624-1776
児童館,津田児童館,770-8002,徳島市津田町4丁目5-55,,,088-663-4566
児童館,西富田・新町児童館,770-0925,徳島市弓町1丁目17,,,088-655-7188
児童館,佐古児童館,770-0024,徳島市佐古4番町7-1,,,088-656-0588
児童館,多家良中央児童館,771-4264,徳島市多家良町小路地10番地,,,088-636-2002
児童館,内町児童館,770-0847,徳島市幸町3丁目71番地の1,,,088-611-1170
児童館,住吉・城東児童館,770-0861,徳島市住吉4丁目4番25号,,,088-611-1125
児童館,市場川崎児童館,779-0222,鳴門市大麻町三俣字前野22-1,,,088-689-3410
児童館,中郷児童館,773-0016,小松島市中郷町字加藤80-1,,,0885-33-3980
児童館,泰地児童館,773-0016,小松島市中郷町桜馬場103-1,,,0885-33-1702
児童館,目佐児童館,773-0023,小松島市坂野町字目左88-1,,,0885-38-1784
児童館,黒地児童館,779-1121,阿南市那賀川町黒地658-1,,,0884-42-2620
児童館,羽ノ浦南児童館,779-1105,阿南市羽ノ浦町古圧中相3-1,,,0884-44-5984
児童館,羽ノ浦さくら児童館,779-1103,阿南市羽ノ浦町春日野1-110,,,0884-44-6168
児童館,羽ノ浦西児童館,773-1106,阿南市羽ノ浦町岩脇宮ノ下112,,,0884-44-2279
児童館,鴨島児童館,776-0014,吉野川市鴨島町知恵島1208-1,,,0883-24-2379
児童館,鴨島南児童館,776-0033,吉野川市鴨島町飯尾550-76,,,0883-22-2277
児童館,近久児童館,779-3306,吉野川市川島町大字学字近久157-2,,,0883-25-4985
児童館,八坂児童館,779-3407,吉野川市山川町字安楽寺165,,,0883-42-6828
児童館,八幡児童館,771-1624,阿波市市場町山野上字立石48,,,0883-36-5785
児童館,市場児童センター「ゆめポケット」,771-1602,阿波市市場町市場字上野段426-1,,,0883-36-7200
児童館,大俣児童館「どんぐりっこ」,771-1613,阿波市市場町大俣字行峰258-1,,,0883-26-6158
児童館,美馬第一児童館,771-2105,美馬市美馬町字養泉11,,,0883-63-4640
児童館,美馬第二児童館,771-2107,美馬市美馬町字境目110-7,,,0883-63-6138
児童館,美波町児童館,779-2305,海部郡美波町奥河内字井ノ上22-3,,,0884-77-2111
児童館,松茂町中央児童館,771-0220,板野郡松茂町広島字三番越2-10,,,088-699-6180
児童館,松茂町東部児童館,771-0219,板野郡松茂町笹木野字八北開拓224,,,088-699-4877
児童館,松茂町長原児童館,771-0216,板野郡松茂町長原525-1,,,088-699-8370
児童館,松茂町松茂児童館,771-0219,板野郡松茂町笹木野字山上77-1,,,088-699-2688
児童館,松茂町喜来児童館,771-0212,板野郡松茂町中喜来字前原西一番越7,,,088-699-8646
児童館,北島北児童館,771-0201,板野郡北島町北村字壱町四反地18-1,,,088-698-1385
児童館,北島南児童館,771-0205,板野郡北島町江尻字宮ノ本41-3,,,088-698-5930
児童館,北島中央児童館,771-0203,板野郡北島町中村字長池28,,,088-698-8801
児童館,北島東児童館,771-0203,板野郡北島町中村字本須76-7,,,088-698-6185
児童館,北島西児童館,771-0206,板野郡北島町高房字勝端境95-10,,,088-698-5918
児童館,江ノ口児童館,771-1253,板野郡藍住町矢上字江ノ口80-1,,,088-692-4827
児童館,西部児童館,771-1252,板野郡藍住町矢上北分17-1,,,088-692-7773
児童館,富吉児童館,771-1230,板野郡藍住町富吉字大向5-1,,,088-692-7045
児童館,勝瑞児童館,771-1272,板野郡藍住町勝瑞字成長70-5,,,088-641-4040
児童館,東中富児童館,771-1220,板野郡藍住町東中富字西傍示33-2,,,088-692-8810
児童館,徳命児童館,771-1210,板野郡藍住町徳命字中ノ丁152-2,,,088-692-4801
児童館,奥野児童館,771-1201,板野郡藍住町奥野宇原27-1,,,088-692-8858
児童館,住吉児童館,771-1265,板野郡藍住町住吉字神蔵78,,,088-692-0221
児童館,板野町東児童館,779-0105,板野郡板野町大寺字亀山西一番地,,,088-672-3651
児童館,板野町南児童館,779-0118,板野郡板野町下圧字文開1-1,,,088-672-0113
児童館,板野町西児童館,779-0111,板野郡板野町那東字福道21-1,,,088-672-6060
児童館,三庄児童館,779-4702,三好郡東みよし町西庄字光吉1,,,0883-82-2119
児童館,加茂児童館,779-4701,三好郡東みよし町加茂2638,,,0883-82-2079
大学関連,徳島大学事務局,770-8501,徳島市新蔵町2-24,,,088-656-7000
大学関連,徳島大学総合科学部,770-8502,徳島市南常三島町1-1,,,088-656-7103
大学関連,徳島大学医学部,770-8503,徳島市蔵本町3-18-15,,,088-633-9116
大学関連,徳島大学歯学部,770-8504,徳島市蔵本町3-18-15,,,088-633-9100
大学関連,徳島大学薬学部,770-8505,徳島市庄町1-78-1,,,088-633-7245
大学関連,徳島大学工学部,770-8506,徳島市南常三島町2-1,,,088-656-7304
大学関連,徳島大学病院,770-8503,徳島市蔵本町2-50-1,,,088-631-3111
大学関連,鳴門教育大学,772-8502,鳴門市鳴門町高島字中島748,,,088-687-6000
大学関連,京都大学防災研究所 徳島地すべり観測所,778-0020,三好市池田町州津藤ノ井492-1,,,0883-72-1075
大学関連,阿南工業高等専門学校,774-0017,阿南市見能林町青木265,,,0884-23-7100
病院関連,徳島病院,776-8585,吉野川市鴨島町敷地1354,,,0883-24-2161
病院関連,東徳島医療センター,779-0193,板野郡板野町大寺字大向北1-1,,,088-672-1171
病院関連,徳島県鳴門病院,772-8503,鳴門市撫養町黒崎字小谷32,,,088-683-0011
多目的施設,ふれあい健康館,,徳島市沖浜東2-16,,,088-657-0190
多目的施設,うだつアリーナ,,美馬市脇町新町196,,,0883-53-2424
多目的施設,サンリバー大歩危,,三好市山城町西宇1259-1,,,0883-84-2111
多目的施設,いやしの里増川笑楽耕,,三好郡東みよし町東山字増川264-2,,,0883-79-5582
図書館,徳島県立図書館,,徳島市八万町向寺山　文化の森総合公園内,,,088-668-3500
図書館,徳島市立図書館,,徳島市元町1-24　アミコビル内,,,088-654-4421
図書館,鳴門市立図書館,,鳴門市撫養町大桑島字蛭子山49,,,088-685-0255
図書館,小松島市立図書館・生涯学習ｾﾝﾀｰ,,小松島市小松島町字新港29-11,,,0885-32-1100
図書館,阿南市立阿南図書館,,阿南市領家町本荘ヶ内121,,,0884-23-2020
図書館,阿南市立那賀川図書館,,阿南市那賀川町苅屋308-1,,,0884-42-3111
図書館,阿南市立羽ノ浦図書館,,阿南市羽ノ浦町中庄上ナカレ16-3,,,0884-44-2100
図書館,吉野川市立川島図書館,,吉野川市川島町?繿ｺ883-1,,,0883-25-3141
図書館,吉野川市立山川図書館,,吉野川市山川町北島19-7,,,0883-42-5222
図書館,阿波市立吉野笠井図書館,,阿波市吉野町西条字大内13,,,088-696-4686
図書館,阿波市立土成図書館,,阿波市土成町土成字漆畑220,,,088-695-5385
図書館,阿波市立市場図書館,,阿波市市場町市場字上野段212-2,,,0883-36-6455
図書館,阿波市立阿波図書館,,阿波市阿波町東原167-1,,,0883-35-5101
図書館,美馬市立図書館（脇町）,,美馬市脇町大字脇町154-1,,,0883-53-9666
図書館,三好市中央図書館,,三好市池田町マチ2183　サンライズビル4階,,,0883-72-2781
図書館,三好市井川図書館,,三好市井川町岡野前64,,,0883-78-4311
図書館,勝浦町図書館,,勝浦郡勝浦町大字久国字久保田2-1,,,0885-42-2300
図書館,佐那河内村立図書館,,名東郡佐那河内村下字中辺71-1,,,088-679-2817
図書館,木頭図書館,,那賀郡那賀町木頭和無田字マツギ40,,,0884-68-2226
図書館,牟岐町立図書館,,海部郡牟岐町大字川長字新光寺82,,,0884-72-2300
図書館,日和佐図書・資料館,,海部郡美波町奥河内字弁才天5-1,,,0884-77-2733
図書館,海陽町立海南図書館,,海部郡海陽町四方原字旭町38-1,,,0884-73-3591
図書館,海陽町立宍喰図書館,,海部郡海陽町宍喰浦字宍喰375,,,0884-76-1030
図書館,松茂町立図書館,,板野郡松茂町広島字四番越6-1,,,088-699-8722
図書館,北島町立図書館,,板野郡北島町新喜来字南古田91,,,088-698-1100
図書館,藍住町立図書館,,板野郡藍住町奥野字猪熊175-2,,,088-692-0070
図書館,板野町文化の館・図書館,,板野郡板野町犬伏東谷13-1,,,088-672-5888
図書館,東みよし町立図書館,,三好郡東みよし町西庄字横手51,,,0883-82-1150
博物館，美術館，歴史資料館等,徳島県立博物館,,徳島市八万町向寺山　文化の森総合公園内,,,088-668-3636
博物館，美術館，歴史資料館等,徳島県立近代美術館,,徳島市八万町向寺山　文化の森総合公園内,,,088-668-1088
博物館，美術館，歴史資料館等,徳島県立文書館,,徳島市八万町向寺山　文化の森総合公園内,,,088-668-3700
博物館，美術館，歴史資料館等,徳島県立鳥居龍蔵記念博物館,,徳島市八万町向寺山　文化の森総合公園内,,,088-668-2544
博物館，美術館，歴史資料館等,徳島県立文学書道館,,徳島市中前川町2-22-1,,,088-625-7485
博物館，美術館，歴史資料館等,阿波十郎兵衛屋敷,,徳島市川内町宮島本浦184,,,088-665-2202
博物館，美術館，歴史資料館等,徳島市立徳島城博物館,,徳島市徳島町城内1-8,,,088-656-2525
博物館，美術館，歴史資料館等,徳島市立考古資料館,,徳島市国府町西矢野字奥谷10-1,,,088-637-2526
博物館，美術館，歴史資料館等,とくしま動物園,,徳島市渋野町入道22-1,,,088-636-3215
博物館，美術館，歴史資料館等,とくしま植物園,,徳島市渋野町入道45-1,,,088-636-3131
博物館，美術館，歴史資料館等,大塚国際美術館,,鳴門市鳴門町土佐泊浦字福池65-1,,,088-687-3737
博物館，美術館，歴史資料館等,大鳴門橋架橋記念館「エディ」,,鳴門市鳴門町土佐泊浦字福池65,,,088-687-1330
博物館，美術館，歴史資料館等,鳴門市ドイツ館,,鳴門市大麻町桧字東山田55-2,,,088-689-0099
博物館，美術館，歴史資料館等,鳴門市賀川豊彦記念館,,鳴門市大麻町桧字東山田50-2,,,088-689-5050
博物館，美術館，歴史資料館等,阿波大正浪漫バルトの庭,,鳴門市大麻町桧字野神ノ北22-1,,,088-689-2163
博物館，美術館，歴史資料館等,鳴門ガレの森美術館,,鳴門市撫養町林崎字北殿町149,,,088-684-4445
博物館，美術館，歴史資料館等,阿南市立ふるさと館,,阿南市橘町土井崎115-16,,,0884-34-2161
博物館，美術館，歴史資料館等,牛岐城趾館,,阿南市富岡町トノ町24-3,,,0884-22-1798
博物館，美術館，歴史資料館等,Waンダーランド,,阿南市福井町舟端1,,,0884-34-3251
博物館，美術館，歴史資料館等,阿南市科学ｾﾝﾀｰ･天文館,,阿南市那賀川町上福井南川渕8-1,,,0884-42-1600
博物館，美術館，歴史資料館等,阿南市立阿波公方・民俗資料館,,阿南市那賀川町古津339-1,,,0884-42-2966
博物館，美術館，歴史資料館等,川島城,,吉野川市川島町川島136-1,,,0883-25-4666
博物館，美術館，歴史資料館等,阿波和紙伝統産業会館,,吉野川市山川町川東141,,,0883-42-6120
博物館，美術館，歴史資料館等,吉野川市美郷ほたる館,,吉野川市美郷字宗田82-1,,,0883-43-2888
博物館，美術館，歴史資料館等,土成歴史館,,阿波市土成町土成字丸山46-1,,,088-695-5038
博物館，美術館，歴史資料館等,市場歴史民俗資料館,,阿波市市場町市場字上野段212-2,,,0883-36-6455
博物館，美術館，歴史資料館等,美馬市観光文化資料館,,美馬市脇町大字脇町92,,,0883-53-8599
博物館，美術館，歴史資料館等,藍商佐直吉田家住宅,,美馬市脇町大字脇町53,,,0883-53-0960
博物館，美術館，歴史資料館等,美馬郷土博物館,,美馬市美馬町字願勝寺8,,,0883-63-2177
博物館，美術館，歴史資料館等,中尾山高原民俗資料館,,美馬市木屋平字太合カケ445-1,,,0883-63-2177
博物館，美術館，歴史資料館等,三木家資料館,,美馬市木屋平字貢142-2,,,0883-63-2177
博物館，美術館，歴史資料館等,阿波池田うだつの家・たばこ資料館,,三好市池田町マチ2465-1,,,0883-72-3450
博物館，美術館，歴史資料館等,ラピス大歩危,,三好市山城町上名1553-1,,,0883-84-1489
博物館，美術館，歴史資料館等,三好市井川民俗資料館,,三好市井川町岡野前64,,,0883-78-4311
博物館，美術館，歴史資料館等,東祖谷歴史民俗資料館,,三好市東祖谷京上14-3,,,0883-88-2170
博物館，美術館，歴史資料館等,武家屋敷旧喜多家,,三好市東祖谷大枝43,,,0120-404-344
博物館，美術館，歴史資料館等,平家屋敷民俗資料館,,三好市西祖谷山村東西岡46,,,0883-84-1408
博物館，美術館，歴史資料館等,徳島県立いきものふれあいの里　ネイチャーセンター,,名東郡佐那河内村上字大川原5-8,,,088-679-2238
博物館，美術館，歴史資料館等,相生森林美術館,,那賀郡那賀町横石字大板34,,,0884-62-1117
博物館，美術館，歴史資料館等,モラスコむぎ,,海部郡牟岐町大字灘字下浜辺198-1,,,0884-72-2520
博物館，美術館，歴史資料館等,ぽっぽマリン,,海部郡美波町西の地字東地74-3,,,0884-78-2933
博物館，美術館，歴史資料館等,日和佐うみがめ博物館,,海部郡美波町日和佐浦370-4,,,0884-77-1110
博物館，美術館，歴史資料館等,海陽町立博物館,,海部郡海陽町四方原字杉谷73,,,0884-73-4080
博物館，美術館，歴史資料館等,松茂町歴史民俗資料館・人形浄瑠璃芝居資料館,,板野郡松茂町広島字四番越11-1,,,088-699-5995
博物館，美術館，歴史資料館等,藍の館,,板野郡藍住町徳命字前須西172,,,088-692-6317
博物館，美術館，歴史資料館等,埋蔵文化財総合センター,,板野郡板野町犬伏字平山86-2,,,088-672-4545
博物館，美術館，歴史資料館等,彩りの舘,,板野郡板野町犬伏字平山4-6-1,,,088-672-5445
博物館，美術館，歴史資料館等,あすたむらんど徳島,,板野郡板野町那東字キビガ谷45-22,,,088-672-7111
博物館，美術館，歴史資料館等,上板町技の館,,板野郡上板町泉谷字原東32-4,,,088-637-6555
博物館，美術館，歴史資料館等,上板町立歴史民俗資料館,,板野郡上板町泉谷字原中筋8-1,,,088-694-5688
博物館，美術館，歴史資料館等,旧永井家庄屋屋敷,,美馬郡つるぎ町貞光字西浦37,,,0883-62-2018
博物館，美術館，歴史資料館等,織本屋,,美馬郡つるぎ町貞光字町83-2,,,0883-62-2009
博物館，美術館，歴史資料館等,東みよし町歴史民俗資料館,,三好郡東みよし町中庄1189,,,0883-82-3964
文化・イベント施設,アスティとくしま,,徳島市山城町東浜傍示1,,,088-624-5111
文化・イベント施設,あわぎんホール徳島県郷土文化会館,,徳島市藍場町2-14,,,088-622-8121
文化・イベント施設,とくぎんトモニプラザ徳島県青少年センター,,徳島市徳島町城内2-1,,,088-625-3852
文化・イベント施設,徳島県立二十一世紀館,,徳島市八万町向寺山　文化の森総合公園内,,,088-668-1111
文化・イベント施設,徳島市立文化センター,,徳島市徳島町城内1,,,088-653-2185
文化・イベント施設,阿波おどり会館,,徳島市新町橋2-20,,,088-611-1611
文化・イベント施設,鳴門市文化会館,,鳴門市撫養町南浜字東浜24-7,,,088-685-7088
文化・イベント施設,小松島市中央会館,,小松島市松島町5-6,,,0885-32-2030
文化・イベント施設,ミリカホール,,小松島市小松島町字新港9-10,,,0885-32-3565
文化・イベント施設,阿南市市民会館,,阿南市富岡町北通9,,,0884-22-7000
文化・イベント施設,阿南ひまわり会館,,阿南市富岡町北通33-1,,,0884-23-6600
文化・イベント施設,阿南市文化会館,,阿南市富岡町西池田135-1,,,0884-21-0808
文化・イベント施設,阿南市商工業振興センター,,阿南市富岡町今福寺34-4,,,0884-24-3232
文化・イベント施設,阿南市情報文化センター,,阿南市羽ノ浦町中庄上ナカレ16-3,,,0884-44-5000
文化・イベント施設,吉野川市文化研修センター,,吉野川市鴨島町鴨島696-14,,,0883-22-0015
文化・イベント施設,吉野川市アメニティセンター,,吉野川市山川町翁喜台95-1,,,0883-42-6611
文化・イベント施設,吉野川市ふるさとセンター,,吉野川市美郷字中筋194-1,,,0883-43-2811
文化・イベント施設,脇町劇場「オデオン座」,,美馬市脇町大字猪尻字西分140-1,,,0883-52-3807
文化・イベント施設,海の総合文化センター,,海部郡牟岐町大字川長字新光寺82,,,0884-72-0107
文化・イベント施設,美波町コミュニティホール,,海部郡美波町奥河内字本村22-1,,,0884-77-3611
文化・イベント施設,児童館マーメイド,,海部郡美波町奥河内字井ノ上22-3,,,0884-77-2111
文化・イベント施設,海南文化館,,海部郡海陽町四方原字杉谷73,,,0884-73-3100
文化・イベント施設,松茂町総合会館,,板野郡松茂町広島字東裏30,,,088-699-8719
文化・イベント施設,北島町立創世ホール,,板野郡北島町新喜来字南古田91,,,088-698-1100
文化・イベント施設,北島町生涯学習センター,,板野郡北島町中村字川田9-1,,,088-698-7118
文化・イベント施設,藍住町町民会館,,板野郡藍住町奥野字矢上前32-1,,,088-692-9951
文化・イベント施設,藍住町コミュニティセンター,,板野郡藍住町奥野字矢上前52-,,,088-637-3130
スポーツ・健康施設,ＪＡバンク蔵本公園,,徳島市庄町1-76-2,,,088-631-7549(球場事務所)
スポーツ・健康施設,徳島市陸上競技場,,徳島市南田宮2-116-2,,,088-631-1477
スポーツ・健康施設,徳島市立スポーツセンター,,徳島市川内町沖島571-2,,,088-665-5171
スポーツ・健康施設,中央武道館,,徳島市徳島町城内6,,,088-652-1831
スポーツ・健康施設,徳島市B&G海洋センター,,徳島市論田町中開47-2,,,088-662-4535
スポーツ・健康施設,徳島市立体育館,,徳島市徳島町城内6,,,088-654-5188
スポーツ・健康施設,徳島市球技場,,徳島市入田町安都真220,,,088-644-1888
スポーツ・健康施設,大神子ﾃﾆｽｾﾝﾀｰ,,徳島市大原町大神子7-1,,,088-662-6030
スポーツ・健康施設,鳴門・大塚ｽﾎﾟｰﾂパーク,,鳴門市撫養町立岩字四枚61,,,088-685-3131
スポーツ・健康施設,鳴門市総合運動場(市営球場),,鳴門市撫養町斎田字大池76,,,088-686-8804
スポーツ・健康施設,鳴門勤労者体育センター,,鳴門市撫養町大桑島字濘岩浜35-8,,,088-686-8804
スポーツ・健康施設,鳴門市市民会館,,鳴門市撫養町南浜字東浜170,,,088-684-1181
スポーツ・健康施設,鳴門市体操場,,鳴門市大津町備前島字松の本219,,,088-685-4046
スポーツ・健康施設,鳴門ウチノ海総合公園,,鳴門市鳴門町高島字北679,,,088-687-3175
スポーツ・健康施設,小松島市立体育館・武道館,,小松島市立江町字赤石74-2,,,0885-38-1788
スポーツ・健康施設,総合グラウンド,,小松島市中田町字脇谷,,,0885-32-0643
スポーツ・健康施設,徳島・小松島港和田島緑地-JAあいさい緑地-(あいさいスタジアム，あいさい球場),,小松島市和田島町松田新田165-20,,,0885-37-1400
スポーツ・健康施設,小松島市営プール,,小松島市立江町字赤石74-6,,,0885-38-2333
スポーツ・健康施設,阿南市南部ふるさと ふれあい運動公園,,阿南市橘町土井崎34,,,0884-22-3394
スポーツ・健康施設,阿南市那賀川河川敷緑地運動広場,,阿南市横見町長岡後2番1地先,,,0884-22-3394
スポーツ・健康施設,阿南市B&G海洋センター体育館,,阿南市津乃峰町長浜387,,,0884-27-2427
スポーツ・健康施設,阿南市スポーツ総合センター 体育館,,阿南市七見町下川田100-1,,,0884-22-2300
スポーツ・健康施設,阿南市スポーツ総合センター 温水プール,,阿南市七見町下川田100-1,,,0884-22-8733
スポーツ・健康施設,阿南市那賀川スポーツセンター,,阿南市那賀川町苅屋354-1,,,0884-42-0390
スポーツ・健康施設,阿南市羽ノ浦総合国民体育館,,阿南市羽ノ浦町宮倉沢田100,,,0884-44-5525
スポーツ・健康施設,阿南市羽ノ浦健康スポーツランド,,阿南市羽ノ浦町宮倉沢田132,,,0884-44-3000
スポーツ・健康施設,阿南市羽ノ浦プール,,阿南市羽ノ浦町宮倉沢田73-3,,,0884-44-3000
スポーツ・健康施設,阿南市武道館,,阿南市大潟町210-56,,,0884-28-1533
スポーツ・健康施設,阿南西部公園,,阿南市中大野町南傍示658-8,,,0884-22-1178
スポーツ・健康施設,徳島県南部健康運動公園 JAアグリあなんスタジアム,,阿南市桑野町桑野谷34-1,,,0884-26-1885
スポーツ・健康施設,橘湾中浦緑地,,阿南市橘町中浦,,,0884-28-0413
スポーツ・健康施設,吉野川市鴨島体育館,,吉野川市鴨島町鴨島甲１,,,0883-22-2271
スポーツ・健康施設,吉野川市牛島体育館,,吉野川市鴨島町牛島番外3-1,,,0883-22-2271
スポーツ・健康施設,吉野川市川島体育館,,吉野川市川島町?繿ｺ2424-1,,,0883-22-2271
スポーツ・健康施設,吉野川市山川体育館,,吉野川市山川町大塚152,,,0883-22-2271
スポーツ・健康施設,吉野川市総合ｽﾎﾟｰﾂ運動場,,吉野川市山川町恵下45-1,,,0883-22-2271
スポーツ・健康施設,バンブーパーク,,吉野川市山川町前川263-1,,,0883-22-2226
スポーツ・健康施設,土成緑の丘スポーツ公園,,阿波市土成町土成字北原1,,,088-695-5001
スポーツ・健康施設,土成農業者トレーニングセンター,,阿波市土成町土成字漆畑177-1･177-2,,,088-695-5305
スポーツ・健康施設,阿波体育館,,阿波市阿波町丸山22,,,088-696-3969
スポーツ・健康施設,阿波市民球場,,阿波市阿波町丸山24-1,,,088-696-3969
スポーツ・健康施設,土柱山村広場(そよ風広場),,阿波市阿波町桜ノ岡,,,0883-35-7875
スポーツ・健康施設,うだつアリーナ,,美馬市脇町新町196,,,0883-53-2424
スポーツ・健康施設,美馬モーターランド,,美馬市美馬町字虎杖佐古35-1,,,0883-63-2926
スポーツ・健康施設,美馬スカイスポーツサイト,,美馬市美馬町三頭山,,,090-1176-5651
スポーツ・健康施設,穴吹スポーツセンター,,美馬市穴吹町穴吹字藪ノ下5,,,0883-53-8888
スポーツ・健康施設,美村が丘スカイスポーツサイト,,美馬市脇町字東大谷18,,,0883-52-5650
スポーツ・健康施設,三好市健康とふれあいの森,,三好市三野町芝生1342-3,,,0883-77-4320
スポーツ・健康施設,三好市三野体育施設(体育館，ｸﾞﾗｳﾝﾄﾞ),,三好市三野町芝生1293-30,,,0883-77-2133
スポーツ・健康施設,三好市池田総合体育館,,三好市池田町マチ2551-1,,,0883-72-5755
スポーツ・健康施設,三好市山城総合グランド,,三好市山城町相川415,,,0883-86-1135
スポーツ・健康施設,イカワxパーク,,三好市井川町西井川1919-1,,,0883-78-3430
スポーツ・健康施設,吉野川運動公園,,三好市池田町イタノ3184,,,0883-72-5755
スポーツ・健康施設,箸蔵近隣公園,,三好市池田町州津藤の井386-5,,,0883-72-5755
スポーツ・健康施設,板野市民プール,,三好市池田町イタノ3300-1,,,0883-72-3917
スポーツ・健康施設,中西市民プール,,三好市池田町中西ナガウチ290-6,,,0883-72-3917
スポーツ・健康施設,西山浜市民プール,,三好市池田町西山枇杷木谷4324-11,,,0883-72-3917
スポーツ・健康施設,塩塚高原四輪バギーランド,,三好市山城町平野205,,,0883-86-3077
スポーツ・健康施設,勝浦町星谷運動公園,,勝浦町星谷字石田19-1,,,0885-42-2515
スポーツ・健康施設,勝浦フライトパーク,,勝浦町三渓字東婆羅尾114,,,0885-42-1505
スポーツ・健康施設,佐那河内村中央運動公園,,名東郡佐那河内村下字南浦,,,088-679-2817
スポーツ・健康施設,前山公園(ｸﾞﾗｳﾝﾄﾞ，ﾃﾆｽコート),,名西郡石井町石井字城ノ内,,,088-675-1300
スポーツ・健康施設,前山公園体育館,,名西郡石井町石井字城ノ内923,,,088-675-1300
スポーツ・健康施設,飯尾川公園(いしいドーム),,名西郡石井町高川原字高川原2115-3,,,088-675-2211
スポーツ・健康施設,神山町民総合運動公園(ｸﾞﾗｳﾝﾄﾞ，ﾃﾆｽｺｰﾄ，体育館),,名西郡神山町神領字大埜地,,,088-676-1177
スポーツ・健康施設,わじきB&Gｶﾔｯｸｽｸｰﾙ,,那賀郡那賀町和食郷字田野89,,,0884-62-3011
スポーツ・健康施設,鷲敷B&G海洋センター体育館,,那賀郡那賀町百合字松の木170,,,0884-62-1300
スポーツ・健康施設,那賀町鷲敷野外活動ｾﾝﾀｰ,,那賀郡那賀町百合字松の木178,,,0884-62-2524
スポーツ・健康施設,内妻グランド,,海部郡牟岐町内妻字白木,,,0884-72-0107
スポーツ・健康施設,牟岐海洋センター,,海部郡牟岐町川長字大坪100-2,,,0884-72-3304
スポーツ・健康施設,由岐B&G海洋センター,,海部郡美波町田井字小野52,,,0884-78-0201
スポーツ・健康施設,日和佐総合体育館,,海部郡美波町奥河内字櫛ヶ谷263-1,,,0884-77-3001
スポーツ・健康施設,蛇王運動公園,,海部郡海陽町浅川,,,0884-74-3111
スポーツ・健康施設,海陽町B&G海洋センター,,海部郡海陽町浅川字西福良43,,,0884-74-3330
スポーツ・健康施設,漁火の森公園,,海部郡海陽町奥浦字鹿ヶ谷,,,0884-73-0300
スポーツ・健康施設,海中観光船ブルーマリン,,海部郡海陽町宍喰浦字竹ヶ島28-45,,,0884-76-3100
スポーツ・健康施設,竹ヶ島シーカヤック,,海部郡海陽町宍喰浦字竹ヶ島28-45,,,0884-76-1401
スポーツ・健康施設,松茂町総合体育館,,板野郡松茂町中喜来字群恵225-3,,,088-699-5744
スポーツ・健康施設,松茂町第二体育館,,板野郡松茂町中喜来字群恵312-5,,,088-699-1080
スポーツ・健康施設,北島町温水プール,,板野郡北島町中村字日開野51-5,,,088-683-2388
スポーツ・健康施設,北島町民体育センター,,板野郡北島町中村字中内11-1,,,088-698-8386
スポーツ・健康施設,北島北公園総合体育館,,板野郡北島町太郎八須字五反地10-1,,,088-697-3241
スポーツ・健康施設,北島町武道館,,板野郡北島町江尻字柳池4-1,,,088-698-6277
スポーツ・健康施設,藍住町武道館,,板野郡藍住町奥野字矢上前32-1,,,088-637-3128
スポーツ・健康施設,藍住町町民体育館(仮称),,板野郡藍住町奥野字矢上前18-1,,,088-637-3128
スポーツ・健康施設,藍住町体育センター,,板野郡藍住町矢上字原230-1,,,088-637-3128
スポーツ・健康施設,藍住町河川敷運動公園,,板野郡吉野川河川敷(名田橋下流左岸),,,088-637-3128
スポーツ・健康施設,藍住町河川敷運動公園 パークゴルフ場,,板野郡吉野川河川敷(名田橋下流左岸),,,088-693-1020
スポーツ・健康施設,板野町健康の館,,板野郡板野町犬伏字大柳1,,,088-672-3333
スポーツ・健康施設,板野町体育センター,,板野町吹田字間谷14-1,,,088-672-3333
スポーツ・健康施設,上板町ﾌｧﾐﾘｰｽﾎﾟｰﾂ公園,,板野郡上板町七條字天王7,,,088-694-6557
スポーツ・健康施設,つるぎ町ｽﾎﾟｰﾂｾﾝﾀｰ,,美馬郡つるぎ町半田字田井202,,,0883-62-2331
スポーツ・健康施設,貞光ゆうゆうぱーく,,美馬郡つるぎ町貞光字大須賀(吉野川河川敷),,,0883-62-5000
スポーツ・健康施設,貞光ゆうゆうｽﾎﾟｰﾂ広場,,美馬郡つるぎ町貞光字大須賀15-1,,,0883-62-5000
スポーツ・健康施設,東みよし町総合運動公園,,三好郡東みよし町足代3936-1,,,0883-79-3217
スポーツ・健康施設,ふれアリーナみよし,,三好郡東みよし町昼間1734,,,0883-79-2888
スポーツ・健康施設,ぶぶるﾊﾟｰｸみかも,,三好郡東みよし町西庄字横手1,,,0883-79-5345
スポーツ・健康施設,東みよし町三加茂 Ｂ＆Ｇ海洋センター,,三好郡東みよし町西庄字横手5-2,,,0883-82-4343
スポーツ・健康施設,東みよし町農業者 トレーニングセンター,,三好郡東みよし町西庄字横手9-2,,,0883-82-3898
スポーツ・健康施設,加茂農村公園,,三好郡東みよし町加茂6743,,,0883-82-6309
スポーツ・健康施設,阿讃サーキット,,三好郡東みよし町東山字滝久保319,,,0883-79-3705
役場,徳島市,,徳島市幸町2-5,,,
役場,鳴門市,,鳴門市撫養町南浜字東浜170,,,
役場,小松島市,,小松島市横須町1-1,,,
役場,阿南市,,阿南市富岡町トノ町12-3,,,
役場,吉野川市,,吉野川市鴨島町鴨島115-1,,,
役場,阿波市,,阿波市阿波町東原173,,,
役場,美馬市,,美馬市穴吹町穴吹字九反地5,,,
役場,三好市,,三好市池田町シンマチ1500-2,,,
役場,勝浦町,,勝浦町大字久国字久保田3,,,
役場,上勝町,,上勝町大字福原字下横峯3-1,,,
役場,佐那河内村,,佐那河内村下字中辺71-1,,,
役場,石井町,,石井町高川原字高川原121-1,,,
役場,神山町,,神山町神領字本野間100,,,
役場,那賀町,,那賀町和食郷字南川104-1,,,
役場,牟岐町,,牟岐町大字中村字本村7-4,,,
役場,美波町,,美波町奥河内字本村18-1,,,
役場,海陽町,,海陽町大里字上中須128,,,
役場,松茂町,,松茂町広島字東裏30,,,
役場,北島町,,北島町中村字上地23-1,,,
役場,藍住町,,藍住町奥野字矢上前52-1,,,
役場,板野町,,板野町吹田字町南22-2,,,
役場,上板町,,上板町七條字経塚42,,,
役場,つるぎ町,,つるぎ町貞光字東浦1-3,,,
役場,東みよし町,,東みよし町加茂3360,,,
高等学校,富岡西高等学校,,阿南市富岡町小山18-3,33.919003,134.650177,
高等学校,城東高等学校,,徳島市中徳島町1-5　　　　,34.07256089,134.5588461,
高等学校,城南高等学校,,徳島市城南町2-2-88,34.05529368,134.5423883,
高等学校,城北高等学校,,徳島市北田宮4-13-6　　,34.089264,134.5306073,
高等学校,城ノ内高等学校,,徳島市北田宮1-9-30　　,34.0916785,134.5454833,
高等学校,徳島北高等学校,,徳島市応神町吉成字中ノ瀬40-6,34.12655188,134.5292454,
高等学校,城西高等学校,,徳島市鮎喰町2-1,34.0699606,134.5018371,
高等学校,城西高等学校神山分校,,名西郡神山町神領字北399　　　　　　　　,33.9686637,134.3430483,
高等学校,徳島科学技術高等学校,,徳島市北矢三町2-1-1,34.08606928,134.5252845,
高等学校,徳島商業高等学校,,徳島市城東町1-4-1,34.07448355,134.5730166,
高等学校,徳島中央高等学校,,徳島市北矢三町1-3-8,34.08797787,134.5265981,
高等学校,鳴門高等学校,,鳴門市撫養町斎田字岩崎135-1,34.178619,134.600922,
高等学校,鳴門渦潮高等学校(撫養キャンパス）,,鳴門市撫養町南浜字馬目木58,34.17273028,134.5951247,
高等学校,板野高等学校,,板野郡板野町川端字関ノ本47,34.14127324,134.4699517,
高等学校,小松島高等学校,,小松島市日開野町字高須47-1　,34.00439946,134.5870247,
高等学校,小松島西高等学校,,小松島市中田町字原ノ下28-1,34.0154463,134.5775828,
高等学校,小松島西高等学校勝浦校,,勝浦郡勝浦町大字久国字屋原1,33.93145011,134.5133899,
高等学校,阿南工業高等学校,,阿南市宝田町今市中新開10-6,33.92535168,134.6395691,
高等学校,富岡東高等学校,,阿南市領家町走寄102-2,33.92166336,134.6652818,
高等学校,富岡東高等学校羽ノ浦校,,阿南市羽ノ浦町中庄市50-1,33.95968862,134.6279374,
高等学校,新野高等学校,,阿南市新野町室ノ久保12,33.85069416,134.5961175,
高等学校,那賀高等学校,,那賀郡那賀町小仁宇字大坪179-1,33.85748637,134.4814356,
高等学校,海部高等学校,,海部郡海陽町大里字古畑58-2,33.60766315,134.3580228,
高等学校,名西高等学校,,名西郡石井町石井字石井21-11,34.07258682,134.4408443,
高等学校,吉野川高等学校,,吉野川市鴨島町喜来681-9,34.07870261,134.3637189,
高等学校,川島高等学校,,吉野川市川島町桑村字岡山367-3,34.05924945,134.3247422,
高等学校,阿波高等学校,,阿波市吉野町柿原字ヒロナカ180,34.09901756,134.3515979,
高等学校,阿波西高等学校,,阿波市阿波町下喜来南228-1,34.087852,134.264954,
高等学校,穴吹高等学校,,美馬市穴吹町穴吹字岡33,34.05275635,134.167495,
高等学校,脇町高等学校,,美馬市脇町大字脇町1270-2,34.07101239,134.1486169,
高等学校,貞光工業高等学校,,美馬郡つるぎ町貞光字馬出63-2,34.04107339,134.056542,
高等学校,美馬商業高等学校,,美馬市美馬町字大宮西100-4,34.04892341,134.049454,
高等学校,辻高等学校,,三好市井川町御領田61-1,34.02871084,133.8749595,
高等学校,池田高等学校,,三好市池田町ウエノ2834,34.0306652,133.8042725,
高等学校,三好高等学校,,三好市池田町州津大深田720,34.03795172,133.8495701,
高等学校,徳島市立高等学校,,徳島市北沖洲1-15-60,34.07209805,134.579123,
高等学校,鳴門渦潮高等学校(大津キャンパス）,,鳴門市大津町吉永595,34.16529074,134.6023179,
私立学校,四国歯科衛生士学院専門学校,,徳島市勝占町外敷地16-36,34.01482684,134.5567128,
私立学校,四国歯科衛生士学院専門学校,,阿南市富岡町トノ町81-1,33.92001732,134.6577233,
私立学校,三好市医師会准看護学院,,三好市池田町シマ815-2,34.0285147,133.8182771,
私立学校,南海病院付属准看護学院,,鳴門市鳴門町土佐泊浦字高砂,34.1899745,134.624743,
私立学校,はのうら幼稚園,,阿南市羽ノ浦町宮倉太田40-3,33.96324173,134.6169569,
私立学校,さゆり幼稚園,,板野郡松茂町中喜来字稲本175-1,34.14411614,134.5911521,
私立学校,徳島文理大学附属幼稚園,,徳島市山城町東浜傍示2,34.05260691,134.5599145,
私立学校,神崎幼稚園,,阿南市畭町新ばり1番地,33.92210668,134.6923037,
私立学校,阿南聖母幼稚園,,阿南市富岡町あ石19-1,33.91778923,134.6637614,
私立学校,わかくさ幼稚園,,徳島市津田本町4丁目2番48号,34.04535027,134.576025,
私立学校,四国大学附属幼稚園,,徳島市応神町古川字戎子野182-4,34.10159128,134.5530792,
私立学校,白うめ幼稚園,,徳島市国府町矢野字原地65番地,34.05635546,134.4796506,
私立学校,生光学園幼稚園,,徳島市応神町中原字宮前38,34.10905645,134.5333734,
私立学校,鳴門聖母幼稚園,,鳴門市撫養町黒崎字松島208番地,34.188354,134.600296,
私立学校,日本聖公会信愛幼稚園,,徳島市幸町3丁目33,34.06835862,134.5536169,
私立学校,めぐみ幼稚園,,吉野川市鴨島町鴨島380,34.07135524,134.3585218,
私立学校,徳島文理小学校,,徳島市山城町東傍示68番地-10,34.0475622,134.5589597,
私立学校,生光学園小学校,,徳島市応神町中原字宮前38　,34.10958944,134.5334593,
私立学校,徳島文理中学校,,徳島市山城西4丁目20番地,34.04837603,134.5560186,
私立学校,生光学園中学校,,徳島市応神町中原字宮前38,34.10897651,134.5335853,
私立学校,生光学園高等学校,,徳島市応神町中原字宮前38,34.10954947,134.5334646,
私立学校,徳島文理高等学校,,徳島市山城西4丁目20番地,34.04840714,134.5558497,
私立学校,香蘭高等学校,,徳島市北前川町2丁目8番地,34.08080057,134.5541429,
私立学校,徳島県鳴門病院附属看護専門学校,,鳴門市撫養町斎田字見白36-1,34.18196156,134.5955124,
私立学校,独立行政法人国立病院機構東徳島医療センター附属看護学校,,板野郡板野町大寺字大向１の１,34.13717955,134.468336,
私立学校,徳島県美容学校,,徳島市佐古二番町３番５号,34.07662308,134.5380187,
私立学校,徳島健祥会福祉専門学校,,徳島市国府町東高輪字天満,34.09099982,134.4817014,
私立学校,和晃編物ファッションビジネス専門学校,,徳島市冨田浜1丁目48-2,34.06763356,134.5504751,
私立学校,徳島歯科学院専門学校,,徳島市北田宮1丁目8-65,34.09018342,134.5471477,
私立学校,ブレーメン愛犬クリエイティブ専門学校,,徳島市佐古一番町5-4,34.07648824,134.5430366,
私立学校,徳島医療福祉専門学校,,勝浦郡勝浦町大字三溪字平128-1,33.93441673,134.4987301,
私立学校,平成調理師専門学校,,徳島市伊賀町2丁目19-2,34.06507671,134.544284,
私立学校,専門学校穴吹情報公務員カレッジ,,徳島市徳島町2丁目57,34.07347939,134.5580498,
私立学校,専門学校穴吹福祉医療カレッジ,,徳島市徳島町2丁目20,34.07290451,134.5576371,
私立学校,専門学校穴吹デザインビューティカレッジ,,徳島市徳島町2丁目20,34.07293339,134.5577659,
私立学校,鴨島女子専門学校,,吉野川市鴨島町鴨島385,34.07118638,134.3581127,
私立学校,Ｍ・Ａコンピュータスクール,,徳島市蔵本町2丁目38番地,34.07862014,134.5177753,
私立学校,津田珠算学校,,徳島市津田西町2丁目1-38,34.04940622,134.5751252,
私立学校,尾上和裁学園,,徳島市佐古2番町8-9,34.07812045,134.5386719,
私立学校,龍昇経理情報専門学校,,徳島市蔵本町2丁目39番地,34.078709,134.517715,
小学校,昭和小学校,,徳島市中昭和町5-60　　　　　,34.0591,134.5638,
小学校,加茂小学校,,三好郡東みよし町加茂2688,34.0366,133.9233,
小学校,昼間小学校,,三好郡東みよし町昼間1637,34.0417,133.8767,
小学校,足代小学校,,三好郡東みよし町足代2708,34.0437,133.9024,
小学校,古見小学校,,美馬郡つるぎ町一宇字太刀之本5-4,33.9513,134.0622,
小学校,太田小学校,,美馬郡つるぎ町貞光字太田西107,34.0445,134.0802,
小学校,貞光小学校,,美馬郡つるぎ町貞光字野口87,34.0372,134.0596,
小学校,八千代小学校,,美馬郡つるぎ町半田字下喜来1,33.9955,134.025,
小学校,半田小学校,,美馬郡つるぎ町半田字田井289,34.0321,134.03,
小学校,高志小学校,,板野郡上板町高瀬字天目一1108,34.104029,134.4189,
小学校,神宅小学校,,板野郡上板町神宅字喜来135,34.1344,134.4148,
小学校,板野南小学校,,板野郡板野町下庄字栖養44,34.1239,134.4566,
小学校,板野西小学校,,板野郡板野町那東字泉西5,34.1362,134.4382,
小学校,板野東小学校,,板野郡板野町吹田字町東2,34.1474,134.4639,
小学校,藍住東小学校,,板野郡藍住町勝瑞字成長155-1,34.1275,134.5173,
小学校,藍住西小学校,,板野郡藍住町富吉字豊吉55-1,34.1348,134.4847,
小学校,藍住南小学校,,板野郡藍住町奥野字和田95,34.1217,134.4916,
小学校,藍住北小学校,,板野郡藍住町住吉字乾1,34.1326,134.5057,
小学校,北島南小学校,,板野郡北島町江尻字宮ノ本40-2,34.1188,134.5438,
小学校,北島北小学校,,板野郡北島町北村字壱町四反地20-1,34.1368,134.5528,
小学校,松茂小学校,,板野郡松茂町住吉字住吉開拓187,34.1317,134.59,
小学校,長原小学校,,板野郡松茂町長原530,34.117568,134.602642,
小学校,宍喰小学校,,海部郡海陽町久保字松本88,33.5672,134.3018,
小学校,海南小学校,,海部郡海陽町四方原字旭町50,33.6067,134.3546,
小学校,日和佐小学校,,海部郡美波町奥河内字本村34-1,33.7353,134.5365,
小学校,由岐小学校,,海部郡美波町西の地字谷裏90-19,33.7759,134.5974,
小学校,伊座利小学校,,海部郡美波町伊座利354-2,33.806,134.6695,
小学校,牟岐小学校,,海部郡牟岐町大字川長字市宇谷100,33.6683,134.4196,
小学校,北川小学校,,那賀郡那賀町木頭折宇字六地蔵89,33.7749,134.1139,
小学校,木頭小学校,,那賀郡那賀町木頭和無田字ナカスジ1,33.7722,134.1982,
小学校,木沢小学校,,那賀郡那賀町坂州字向エ169-1,33.8286,134.2998,
小学校,平谷小学校,,那賀郡那賀町平谷字北浦9,33.7951,134.3015,
小学校,桜谷小学校,,那賀郡那賀町水崎字水崎原27,33.7985,134.3807,
小学校,相生小学校,,那賀郡那賀町延野字大原80,33.8214,134.4838,
小学校,鷲敷小学校,,那賀郡那賀町和食字町117-4,33.8595,134.5,
小学校,広野小学校,,名西郡神山町阿野字広野42,34.0288,134.4035,
小学校,藍畑小学校,,名西郡石井町藍畑字東覚円670,34.097669,134.440501,
小学校,高川原小学校,,名西郡石井町高川原字高川原1167,34.0771,134.4481,
小学校,高原小学校,,名西郡石井町高原字東高原250-1,34.083552,134.4211,
小学校,石井小学校,,名西郡石井町石井字石井1184-1,34.0657,134.444,
小学校,佐那河内小学校,,名東郡佐那河内村下字中川原30,33.9925,134.4552,
小学校,上勝小学校,,勝浦郡上勝町大字正木字平間179,33.9225,134.426,
小学校,横瀬小学校,,勝浦郡勝浦町大字三渓字上川原13-2,33.9301,134.4938,
小学校,生比奈小学校,,勝浦郡勝浦町大字中角字豊田1-1,33.9406,134.5351,
小学校,櫟生小学校,,三好市西祖谷山村一宇262-1,33.893067,133.815435,
小学校,井内小学校,,三好市井川町井内西4896-1,33.9987,133.8796,
小学校,西井川小学校,,三好市井川町西井川734-3,34.0324,133.8463,
小学校,下名小学校,,三好市山城町下名1001-1,33.8704,133.7727,
小学校,政友小学校,,三好市山城町政友46,33.9695,133.739,
小学校,山城小学校,,三好市山城町大川持30-2,33.965898,133.754377,
小学校,三縄小学校,,三好市池田町中西イバ508-1,33.996,133.7917,
小学校,馬路小学校,,三好市池田町馬路立石33-1,34.0097,133.7355,
小学校,白地小学校,,三好市池田町白地本名57,34.017,133.7825,
小学校,池田小学校,,三好市池田町ウエノ2379-4,34.0313,133.8103,
小学校,王地小学校,,三好市三野町加茂野宮1393,34.0511,133.9898,
小学校,木屋平小学校,,美馬市木屋平字谷口235,33.915,134.1757,
小学校,穴吹小学校,,美馬市穴吹町穴吹字柏40,34.046424,134.168759,
小学校,重清西小学校,,美馬市美馬町字八幡115,34.0471,134.0175,
小学校,芝坂小学校,,美馬市美馬町字南原26,34.0644,134.0868,
小学校,喜来小学校,,美馬市美馬町字天神63-1,34.048629,134.053457,
小学校,郡里小学校,,美馬市美馬町字助松158,34.0566,134.0675,
小学校,岩倉小学校,,美馬市脇町岩倉2879,34.0622,134.1133,
小学校,清水小学校,,美馬市脇町字西俣名1069,34.1568,134.1562,
小学校,江原北小学校,,美馬市脇町字西赤谷3744-2,34.1114,134.1716,
小学校,林小学校,,阿波市阿波町東整理155,34.0741,134.2017,
小学校,伊沢小学校,,阿波市阿波町南柴生172,34.089517,134.229254,
小学校,久勝小学校,,阿波市阿波町森沢28,34.0846,134.2513,
小学校,大俣小学校,,阿波市市場町上喜来字西原200,34.1035,134.2628,
小学校,市場小学校,,阿波市市場町市場字上野段670,34.0876,134.2874,
小学校,八幡小学校,,阿波市市場町大野島稲荷138-1,34.0908,134.3116,
小学校,土成小学校,,阿波市土成町成当1203,34.1089,134.3248,
小学校,御所小学校,,阿波市土成町宮川内字広坪89,34.119145,134.36164,
小学校,一条小学校,,阿波市吉野町西条字岡ノ川原135,34.1005,134.3865,
小学校,種野小学校,,吉野川市美郷字川俣47,34.0314,134.2569,
小学校,川田西小学校,,吉野川市山川町川田429-6,34.0615,134.2088,
小学校,川田中小学校,,吉野川市山川町町53,34.0458,134.2251,
小学校,山瀬小学校,,吉野川市山川町諏訪266-1,34.0613,134.2502,
小学校,学島小学校,,吉野川市川島町学字辻76,34.056031,134.281378,
小学校,川島小学校,,吉野川市川島町桑村2193,34.0568,134.3139,
小学校,知恵島小学校,,吉野川市鴨島町知恵島781,34.0801,134.3501,
小学校,西麻植小学校,,吉野川市鴨島町西麻植字絵馬堂85-2,34.0683,134.3392,
小学校,森山小学校,,吉野川市鴨島町山路1086,34.062943,134.37033,
小学校,牛島小学校,,吉野川市鴨島町牛島865-1,34.0735,134.3859,
小学校,羽ノ浦小学校,,阿南市羽ノ浦町中庄原婦知1-1,33.9582,134.6281,
小学校,新野東小学校,,阿南市新野町是国37-2,33.845,134.6041,
小学校,新野小学校,,阿南市新野町南宮ノ久保70-1,33.8472,134.5809,
小学校,椿泊小学校,,阿南市椿泊町東127,33.8446,134.7162,
小学校,伊島小学校,,阿南市伊島町瀬戸3-2,33.8446,134.8092,
小学校,椿小学校,,阿南市椿町黒田47,33.8284,134.6664,
小学校,福井小学校,,阿南市福井町大西192-1,33.8383,134.6217,
小学校,橘小学校,,阿南市橘町大浦166-1,33.871,134.6329,
小学校,吉井小学校,,阿南市吉井町原18-2,33.9224,134.5592,
小学校,山口小学校,,阿南市山口町久延69-1,33.8729,134.5815,
小学校,桑野小学校,,阿南市桑野町岡元40-1,33.8736,134.6119,
小学校,津乃峰小学校,,阿南市津乃峰町戎山129-37,33.8843,134.6501,
小学校,見能林小学校,,阿南市見能林町西内35,33.9007,134.6708,
小学校,長生小学校,,阿南市長生町五反地25-2,33.9099,134.6168,
小学校,大野小学校,,阿南市下大野町三条5,33.9344,134.5956,
小学校,富岡小学校,,阿南市領家町浜田200,33.9238,134.6684,
小学校,横見小学校,,阿南市横見町前長岡67-2,33.9287,134.6558,
小学校,中野島小学校,,阿南市上中町中原182-1,33.9327,134.6285,
小学校,新開小学校,,小松島市大林町字中津37,33.9788,134.6178,
小学校,和田島小学校,,小松島市和田島町字山のはな8　　,33.9961,134.6408,
小学校,坂野小学校,,小松島市坂野町字根上り6-1,33.9816,134.6331,
小学校,櫛渕小学校,,小松島市櫛渕町字北佃45,33.9539,134.5842,
小学校,立江小学校,,小松島市立江町字松本34-3　,33.9687,134.604,
小学校,千代小学校,,小松島市中田町字奥林29,34.0148,134.575,
小学校,北小松島小学校,,小松島市中田町字浜田33,34.0157,134.5868,
小学校,南小松島小学校,,小松島市小松島町字高須36,34.0051,134.585,
小学校,小松島小学校,,小松島市神田瀬町2-63,34.0102,134.5808,
小学校,八万南小学校,,徳島市八万町橋本111　　,34.0428,134.5321,
小学校,北井上小学校,,徳島市国府町西黒田字南傍示205-2,34.098676,134.465791,
小学校,国府小学校,,徳島市国府町中61-1,34.0676,134.4834,
小学校,応神小学校,,徳島市応神町吉成字西吉成91-1,34.1153,134.5272,
小学校,川内北小学校,,徳島市川内町大松133　　　,34.1146,134.574,
小学校,一宮小学校,,徳島市一宮町東丁224　　　　,34.0386,134.4714,
小学校,上八万小学校,,徳島市上八万町樋口52　　　,34.0366,134.508,
小学校,不動小学校,,徳島市不動本町2-133　　,34.097269,134.506317,
小学校,渋野小学校,,徳島市渋野町西池35-1　　　　,34.0047,134.5365,
小学校,飯谷小学校,,徳島市飯谷町杉尾1-1　　　　,33.9694,134.5561,
小学校,宮井小学校,,徳島市多家良町小路地45　,33.9899,134.5333,
小学校,方上小学校,,徳島市北山町下地1-3　　　　　,34.025,134.5362,
小学校,論田小学校,,徳島市論田町本浦上9　　　　,34.0298,134.5637,
小学校,大松小学校,,徳島市大松町上野神9　　　,34.0237,134.5537,
小学校,千松小学校,,徳島市南田宮4-5-5　　　,34.0854,134.5335,
小学校,加茂名小学校,,徳島市庄町5-19　　　　　　,34.0737,134.5064,
小学校,沖洲小学校,,徳島市南沖洲2-2-4　　　　,34.0653,134.5872,
小学校,津田小学校,,徳島市津田西町2-5-27　,34.0495,134.5746,
小学校,助任小学校,,徳島市下助任町1-1　　　,34.0806,134.5568,
小学校,城東小学校,,徳島市住吉3-2-5　　　,34.0773,134.5706,
小学校,福島小学校,,徳島市福島1-7-28　　　,34.0699,134.5665,
小学校,富田小学校,,徳島市中央通3-15　　　　　　　,34.0624,134.5528,
小学校,佐古小学校,,徳島市南佐古四番町1-32　　,34.0768,134.5312,
小学校,撫養小学校,,鳴門市撫養町斎田字岩崎72　,34.17680765,134.6017991,
小学校,林崎小学校,,鳴門市撫養町立岩字内田73-1　　,34.17652348,134.6165235,
小学校,堀江南小学校,,鳴門市大麻町西馬詰字橋ノ本7,34.14494496,134.5409834,
小学校,板東小学校,,鳴門市大麻町板東字宝蔵60,34.15621773,134.504575,
小学校,黒崎小学校,,鳴門市撫養町黒崎字宮津88-1,34.18761156,134.5966402,
小学校,桑島小学校,,鳴門市撫養町大桑島字与三左谷6,34.18478359,134.6068572,
小学校,第一小学校,,鳴門市大津町木津野字内田11,34.1685889,134.5935027,
小学校,里浦小学校,,鳴門市里浦町里浦字西浜401　,34.16677362,134.6267746,
小学校,鳴門東小学校,,鳴門市鳴門町土佐泊浦字高砂65-3,34.19563642,134.6235232,
小学校,鳴門西小学校,,鳴門市鳴門町高島字北217,34.2030674,134.5967067,
小学校,明神小学校,,鳴門市瀬戸町明神字越浦70　,34.20219802,134.5805571,
小学校,瀬戸小学校,,鳴門市瀬戸町堂浦字地廻り参220-1,34.22500309,134.588809,
小学校,大津西小学校,,鳴門市大津町大代1210,34.16660045,134.5674135,
小学校,北灘東小学校,,鳴門市北灘町粟田字西傍示228-1,34.22412647,134.541161,
小学校,北灘西小学校,,鳴門市北灘町折野字屋敷64-3,34.21408674,134.4827847,
小学校,堀江北小学校,,鳴門市大麻町大谷字中筋41,34.1599309,134.5414048,
小学校,東祖谷小学校,,三好市東祖谷下瀬12-1,33.87482542,133.9214571,
小学校,加茂名南小学校,,徳島市鮎喰町2-11-88,34.0692,134.4994,
小学校,内町小学校,,徳島市徳島町城内1-15　　　,34.0766,134.5509,
小学校,新町小学校,,徳島市東山手町2-25,34.06821777,134.5458341,
小学校,八万小学校,,徳島市城南町4-1-52　　　,34.05281556,134.5412966,
小学校,入田小学校,,徳島市入田町春日180-1,34.04187557,134.4421,
小学校,川内南小学校,,徳島市川内町宮島本浦5-2　　　,34.09489338,134.5836893,
小学校,南井上小学校,,徳島市国府町日開1007-2,34.08636883,134.4759142,
小学校,芝田小学校,,小松島市田野町字中須45,33.98527364,134.5834387,
小学校,児安小学校,,小松島市田浦町字近里27,34.00200673,134.5650283,
小学校,岩脇小学校,,阿南市羽ノ浦町岩脇町筋87,33.94240471,134.6156571,
小学校,宝田小学校,,阿南市宝田町久保田124,33.92064451,134.6357245,
小学校,今津小学校,,阿南市那賀川町敷地238,33.96381144,134.6463747,
小学校,平島小学校,,阿南市那賀川町赤池131-2,33.94322042,134.6625107,
小学校,上浦小学校,,吉野川市鴨島町上浦931,34.06813112,134.3965069,
小学校,鴨島小学校,,吉野川市鴨島町鴨島564,34.07317561,134.3539636,
小学校,飯尾敷地小学校,,吉野川市鴨島町飯尾7,34.06253996,134.3502824,
小学校,川田小学校,,吉野川市山川町住吉189,34.04744668,134.2322161,
小学校,柿原小学校,,阿波市吉野町柿原字ヒロナカ256-1,34.09717789,134.3527283,
小学校,江原南小学校,,美馬市脇町字拝原829,34.07257774,134.1721,
小学校,脇町小学校,,美馬市脇町大字猪尻字西ノ久保116,34.07075112,134.151318,
小学校,重清東小学校,,美馬市美馬町字大泉51-1,34.05145999,134.042804,
小学校,三島小学校,,美馬市穴吹町三島字三谷374,34.05544222,134.1291663,
小学校,吾橋小学校,,三好市西祖谷山村下吾橋303-2,33.86645056,133.786823,
小学校,芝生小学校,,三好市三野町芝生1230,34.04158001,133.9662467,
小学校,箸蔵小学校,,三好市池田町州津井関1208,34.03708226,133.8369797,
小学校,川崎小学校,,三好市池田町川崎浪会31,33.9680836,133.7747405,
小学校,大野小学校,,三好市山城町大野519,33.96540708,133.714666,
小学校,辻小学校,,三好市井川町辻53-1,34.02847339,133.8784759,
小学校,浦庄小学校,,名西郡石井町浦庄字下浦475-1,34.06645109,134.4163906,
小学校,木岐小学校,,海部郡美波町木岐72,33.76555676,134.5759219,
小学校,三庄小学校,,三好郡東みよし町中庄1130-1,34.03848002,133.9473483,
小学校,喜来小学校,,板野郡松茂町中喜来字前原西一番越14,34.14229044,134.5743259,
小学校,北島小学校,,板野郡北島町中村字長池17-3,34.1248977,134.5499161,
小学校,板野東小学校大坂分校,,板野郡板野町大坂字宮東20,34.1779,134.4481475,
小学校,松島小学校,,板野郡上板町鍛冶屋原字北原20,34.12088025,134.3990165,
小学校,東光小学校,,板野郡上板町西分字東光8,34.11773982,134.4289376,
小学校,海部小学校,,海部郡海陽町奥浦字堤ノ外44,33.59394977,134.3568525,
小学校,神領小学校,,名西郡神山町神領字大埜地411-1,33.96930677,134.3576058,
大学,徳島大学蔵本キャンパス,,徳島市蔵本町3-18-15,34.07610427,134.5159942,
大学,徳島大学常三島キャンパス,,徳島市南常三島町1-1,34.07798801,134.5605552,
大学,徳島大学本部・新蔵キャンパス,,徳島市新蔵町2-24,34.07007853,134.5598421,
大学,放送大学徳島学習センター,,徳島市新蔵町2-24徳島大学日亜会館内,34.06965638,134.5595309,
大学,鳴門教育大学,,鳴門市鳴門町高島字中島748,34.202866,134.6063453,
大学,徳島工業短期大学,,板野郡板野町犬伏字蓮花谷100,34.14262853,134.4456382,
大学,徳島文理大学徳島キャンパス,,徳島市山城町西浜傍示180,34.05274943,134.5574891,
大学,徳島文理大学本部,,徳島市寺島本町東1-8,34.0724519,134.5534246,
大学,四国大学,,徳島市応神町古川字戎子野123-1,34.10228088,134.5535657,
大学,徳島県立農林水産総合技術支援センター農業大学校,,名西郡石井町石井字石井1660,34.06250836,134.4526917,
大学,阿南工業高等専門学校,,阿南市見能林町青木265,33.89799589,134.6675408,
中学校,南部中学校,,徳島市勝占町外敷地62,34.0169567,134.5564956,
中学校,岩倉中学校,,美馬市脇町別所3406,34.06134,134.10759,
中学校,川島中学校,,吉野川市川島町桑村2558,34.056534,134.313721,
中学校,北井上中学校,,徳島市国府町西黒田字南傍示202,34.098419,134.466232,
中学校,徳島中学校,,徳島市中前川町3-16,34.08013701,134.5526949,
中学校,城西中学校,,徳島市南矢三町2-7-77,34.08160724,134.5269518,
中学校,富田中学校,,徳島市中昭和町3-77,34.05935197,134.5585859,
中学校,城東中学校,,徳島市安宅3-2-76,34.06987859,134.577507,
中学校,津田中学校,,徳島市津田西町2-2-14,34.04844821,134.5754671,
中学校,加茂名中学校,,徳島市庄町1-76-1,34.07345061,134.5120032,
中学校,八万中学校,,徳島市城南町3-4-22,34.05367934,134.5390653,
中学校,不動中学校,,徳島市不動本町2-124,34.09730778,134.5077297,
中学校,上八万中学校,,徳島市下町本丁131,34.03699228,134.4833269,
中学校,入田中学校,,徳島市入田町春日181-1,34.04146219,134.441738,
中学校,川内中学校,,徳島市川内町竹須賀151,34.10808822,134.5746609,
中学校,応神中学校,,徳島市応神町吉成字長田130-1,34.11260892,134.5302327,
中学校,国府中学校,,徳島市国府町府中68-1,34.07143082,134.4836331,
中学校,大麻中学校広塚分校,,鳴門市大麻町板東字広塚42,34.17415098,134.506738,
中学校,第一中学校,,鳴門市撫養町南浜字浜田37-1,34.172417,134.605408,
中学校,大麻中学校,,鳴門市大麻町池谷字長田105,34.15740464,134.5287821,
中学校,第二中学校,,鳴門市撫養町立岩字内田150,34.17686118,134.6221567,
中学校,鳴門中学校,,鳴門市鳴門町三ツ石字芙蓉山下251,34.20274081,134.6105636,
中学校,瀬戸中学校,,鳴門市瀬戸町堂浦字地廻り壱96-4,34.21490499,134.5843726,
中学校,北灘中学校,,鳴門市北灘町大浦字東浦75,34.2239814,134.5258123,
中学校,坂野中学校,,小松島市坂野町字根上り37,33.98244427,134.6316734,
中学校,立江中学校,,小松島市立江町字鍋寺36,33.96327408,134.5993199,
中学校,小松島中学校,,小松島市日開野町字弥三次3-1,34.00301329,134.5769311,
中学校,那賀川中学校,,阿南市那賀川町苅屋370-1,33.94964485,134.662076,
中学校,阿南第二中学校,,阿南市内原町竹ノ内口143-1,33.87674367,134.6284987,
中学校,新野中学校,,阿南市新野町馬見21,33.84468401,134.5797668,
中学校,伊島中学校,,阿南市伊島町瀬戸3,33.84423939,134.8091724,
中学校,椿町中学校,,阿南市椿町宮ケ谷23,33.83432551,134.6814049,
中学校,阿南中学校,,阿南市見能林町南勘高1,33.90528775,134.6648772,
中学校,阿南第一中学校,,阿南市長生町西方589-1,33.92684791,134.6252312,
中学校,加茂谷中学校,,阿南市加茂町南不け1,33.91481454,134.5505372,
中学校,福井中学校,,阿南市福井町大西141,33.83876856,134.6231584,
中学校,富岡東中学校,,阿南市領家町走寄102-2,33.92146305,134.6647051,
中学校,山川中学校,,吉野川市山川町前川261,34.06153975,134.2336886,
中学校,県立川島中学校　　,,吉野川市川島町桑村字岡山367-3,34.05924945,134.3248468,
中学校,鴨島第一中学校,,吉野川市鴨島町鴨島633-2,34.07478252,134.3477902,
中学校,鴨島東中学校,,吉野川市鴨島町麻植塚215-3,34.06981827,134.3752983,
中学校,阿波中学校,,阿波市阿波町東原230-1,34.08567021,134.2354585,
中学校,市場中学校,,阿波市市場町市場字上野段6-3,34.09860196,134.2868254,
中学校,吉野中学校,,阿波市吉野町西条字大西4-1,34.09892481,134.3702754,
中学校,土成中学校,,阿波市土成町吉田字一本松の二42,34.11385188,134.3480827,
中学校,城ノ内中学校,,徳島市北田宮１丁目9-30,34.09142972,134.5458025,
中学校,江原中学校,,美馬市脇町字曽江名359-41,34.0895647,134.1720327,
中学校,脇町中学校,,美馬市脇町大字猪尻字西ノ久保78,34.07028008,134.153509,
中学校,美馬中学校,,美馬市美馬町字谷ヨリ西68,34.05269246,134.0493601,
中学校,三島中学校,,美馬市穴吹町三島字三谷356,34.05547166,134.128015,
中学校,穴吹中学校,,美馬市穴吹町穴吹字井口23,34.04367122,134.1674145,
中学校,木屋平中学校,,美馬市木屋平字川井224,33.93482002,134.2121415,
中学校,三野中学校,,三好市三野町芝生1232,34.04093651,133.9666602,
中学校,池田中学校,,三好市池田町ウエノ2861-1,34.03115867,133.8080222,
中学校,山城中学校,,三好市山城町大川持544,33.96039179,133.7486961,
中学校,井川中学校,,三好市井川町タクミ田100-2,34.0289367,133.8677795,
中学校,東祖谷中学校,,三好市東祖谷下瀬12-1,33.87522181,133.9214986,
中学校,西祖谷中学校,,三好市西祖谷山村東西岡10,33.88182237,133.7785553,
中学校,勝浦中学校,,勝浦郡勝浦町大字久国字久保田45-1,33.93339958,134.5108056,
中学校,上勝中学校,,勝浦郡上勝町大字生実字東戸越73,33.89628705,134.4037826,
中学校,佐那河内中学校,,名東郡佐那河内村下字中川原30,33.99238288,134.4554041,
中学校,高浦中学校,,名西郡石井町浦庄字国実100,34.07643334,134.4210143,
中学校,石井中学校,,名西郡石井町高川原字高川原125-1,34.07450732,134.4399014,
中学校,神山東中学校,,名西郡神山町阿野字広野22,34.03003356,134.4038872,
中学校,神山中学校,,名西郡神山町神領字西上角175-1,33.97275663,134.3628256,
中学校,鷲敷中学校,,那賀郡那賀町和食郷字南川119,33.85744137,134.4947617,
中学校,相生中学校,,那賀郡那賀町延野字大原100,33.8214696,134.4821505,
中学校,上那賀中学校,,那賀郡那賀町小浜197,33.80494771,134.3724806,
中学校,木頭中学校,,那賀郡那賀町木頭和無田字ナカスジ1,33.77295063,134.1982737,
中学校,牟岐中学校,,海部郡牟岐町大字川長字市宇谷100,33.67198712,134.4264752,
中学校,由岐中学校,,海部郡美波町西の地字谷裏4,33.77711287,134.597406,
中学校,由岐中学校伊座利分校,,海部郡美波町伊座利354-2,33.80594759,134.6695013,
中学校,日和佐中学校,,海部郡美波町西河内字大久保76-1,33.73902336,134.531913,
中学校,松茂中学校,,板野郡松茂町笹木野字八山開拓186,34.12955545,134.5898013,
中学校,北島中学校,,板野郡北島町高房字東野神ノ本25-3,34.12421813,134.5451252,
中学校,藍住東中学校,,板野郡藍住町住吉字若宮49-1,34.12857742,134.5106184,
中学校,藍住中学校,,板野郡藍住町奥野字矢上前18-1,34.12548887,134.4965186,
中学校,板野中学校,,板野郡板野町大寺字郡頭11,34.14007001,134.461483,
中学校,上板中学校,,板野郡上板町神宅字西金屋44,34.12516203,134.4108763,
中学校,半田中学校,,美馬郡つるぎ町半田字田井282,34.03090871,134.0298844,
中学校,貞光中学校,,美馬郡つるぎ町貞光字中須賀52,34.03772869,134.0654452,
中学校,三加茂中学校,,三好郡東みよし町西庄字横手51,34.04195746,133.9383245,
中学校,三好中学校,,三好郡東みよし町昼間1893,34.03870935,133.8755402,
中学校,海陽中学校,,海部郡海陽町大里字松原34-83,33.60646356,134.3636031,
中学校,宍喰中学校,,海部郡海陽町久保字北田5,33.57177639,134.2976769,
認定こども園,認定こども園阿南市今津こどもセンター,,阿南市那賀川町今津浦喜来６５番地１,,,
認定こども園,認定こども園阿南市平島こどもセンター,,阿南市那賀川町苅屋３７０番地５,,,
認定こども園,江原認定こども園,,美馬市脇町字拝原７００番地１,,,
認定こども園,阿南市橘こどもセンター,,阿南市橘町久保３８−３,,,
認定こども園,東祖谷認定こども園,,三好市池田町東祖谷下瀬２０２番地３,,,
認定こども園,認定こども園牟岐保育園,,徳島県海部郡牟岐町大字川長字市宇谷２−１,,,
保育所,津田保育所,,徳島市津田町4丁目4-7,,,088-662-0624
保育所,光花保育園,,徳島市津田本町四丁目3番31号,,,088-663-2232
保育所,新浜西保育所,,徳島市新浜町二丁目1番2号,,,088-663-1106
保育所,もとしろ保育園,,徳島市福島一丁目6番24号,,,088-654-2967
保育所,阿波国慈恵院保育園,,徳島市福島一丁目6番62号,,,088-622-8587
保育所,渭東保育所,,徳島市福島二丁目4番24号,,,088-653-0879
保育所,城西保育所,,徳島市北佐古二番町2番18号,,,088-632-7010
保育所,南佐古保育園,,徳島市南佐古三番町5番11号,,,088-654-7521
保育所,八万保育所,,徳島市八万町下福万17番地,,,088-668-1815
保育所,城南保育園,,徳島市八万町中津浦24番地の68,,,088-622-2100
保育所,ひまわり保育園,,徳島市八万町大坪287番地の7,,,088-668-2115
保育所,みのり保育園,,徳島市八万町法花181番地,,,088-669-3121
保育所,とくしま健祥会保育園,,徳島市八万町新貝93-1,,,088-679-8010
保育所,八万東保育所,,徳島市南二軒屋1丁目1番11号,,,088-654-3230
保育所,加茂名保育所,,徳島市庄町5丁目136番地,,,088-631-1222
保育所,青嵐保育園,,徳島市北田宮二丁目2番58号,,,088-632-2333
保育所,丈六保育所,,徳島市丈六町休場6番地の6,,,088-645-0944
保育所,渋野保育所,,徳島市渋野町宮前140番地の4,,,088-645-0724
保育所,方上保育所,,徳島市北山町神脇46番地の1,,,088-669-0070
保育所,内町保育所,,徳島市徳島町2丁目18番地,,,088-652-4979
保育所,富田保育所,,徳島市かちどき橋2丁目34番地,,,088-652-2750
保育所,四国大学附属西富田保育所,,徳島市伊賀町1丁目6番地の10,,,088-653-8341
保育所,四国大学附属乳児保育所,,徳島市伊賀町1丁目6番地の9,,,088-622-3433
保育所,育英保育園,,徳島市中昭和町4丁目80番地,,,088-626-3232
保育所,昭和保育所,,徳島市南昭和町4-32-2,,,088-653-4281
保育所,みずほ保育園,,徳島市南昭和町7丁目9番地の15,,,088-653-5523
保育所,沖洲保育所,,徳島市南沖洲三丁目10番45号,,,088-664-0602
保育所,飯谷保育所,,徳島市飯谷町東分18番地の1,,,088-645-0338
保育所,八多保育所,,徳島市八多町南曽根13番地の1,,,088-645-0084
保育所,名東保育所,,徳島市名東町3丁目398番地の2,,,088-631-1135
保育所,大松保育所,,徳島市大松町上野神9番地,,,088-669-0457
保育所,多家良保育所,,徳島市多家良町池谷161番地の3,,,088-645-0140
保育所,一宮保育所,,徳島市一宮町西丁1021番地の3,,,088-644-0030
保育所,不動保育所,,徳島市不動本町2丁目145番地の1,,,088-631-0327
保育所,国府保育所,,徳島市国府町早渕池久保10番地,,,088-642-1490
保育所,北井上保育所,,徳島市国府町西黒田字南傍示275番地の3,,,088-642-2602
保育所,南井上保育所,,徳島市国府町日開中1021番地の6,,,088-642-2601
保育所,芝原保育所,,徳島市国府町芝原神楽免159番地の2,,,088-642-2612
保育所,島田保育園,,徳島市中島田町3丁目18番地,,,088-632-0654
保育所,北島田保育所,,徳島市北島田町3丁目62番地の1,,,088-631-9666
保育所,応神保育所,,徳島市応神町吉成字西吉成143番地,,,088-641-1256
保育所,明善保育所,,徳島市上八万町下中筋286番地の1,,,088-668-3138
保育所,おおぎ保育園,,徳島市上八万町下中筋327番地の2,,,088-668-5661
保育所,すぎの子保育園,,徳島市中前川町4丁目11番地,,,088-625-5100
保育所,助任保育園,,徳島市中吉野町1丁目65番地,,,088-626-1911
保育所,なかよし保育園,,徳島市中吉野町2丁目1番地,,,088-654-5656
保育所,わかば保育園,,徳島市住吉一丁目8番34号,,,088-653-7545
保育所,さくら保育園,,徳島市住吉二丁目7番44号,,,088-625-7524
保育所,出来島保育園,,徳島市北出来島町1丁目32番地,,,088-622-6383
保育所,青葉保育園,,徳島市北矢三町二丁目7番56号,,,088-631-7289
保育所,前川乳児保育園,,徳島市南前川町3丁目1番地の18,,,088-625-8676
保育所,若松保育園,,徳島市名東町1丁目107番地の2,,,088-631-3083
保育所,論田保育所,,徳島市大原町野神38番地の1,,,088-662-0734
保育所,大原保育園,,徳島市大原町中須51番地の1,,,088-663-2435
保育所,あゆみ保育園,,徳島市大原町中須63番地の6,,,088-663-0360
保育所,川内保育所,,徳島市川内町榎瀬707番地の1,,,088-665-0641
保育所,川内南アコール保育園,,徳島市川内町下別宮西38番地の2,,,088-665-1510
保育所,くるみ保育園,,徳島市川内町大松68番地の1,,,088-665-3561
保育所,川内わかば保育園,,徳島市川内町鶴島4-1,,,088-665-7768
保育所,みどり保育園,,徳島市新蔵町3丁目34-2,,,088-655-8833
保育所,春日保育園,,徳島市春日三丁目5番35号,,,088-631-7906
保育所,梅の花保育園,,徳島市蔵本元町2丁目62番地,,,088-631-6330
保育所,四国大学附属保育所,,徳島市寺島本町西2丁目35-9,,,088-602-4860
保育所,めだか保育園,,徳島市北沖洲3丁目8-72,,,088-664-4888
保育所,沖浜シーズ保育園,,徳島市沖浜町北川726-3,,,088-653-5577
保育所,林崎保育所,,鳴門市撫養町林崎字南殿町77-5,,,088-686-3090
保育所,中央保育所,,鳴門市撫養町斎田字岩崎120M,,,088-686-2846
保育所,木津さくらんぼ保育園,,鳴門市撫養町南浜字蛭子前西92-1,,,088-685-3458
保育所,桑島保育所,,鳴門市撫養町大桑島字蛭子山134,,,088-685-7896
保育所,岡崎保育所,,鳴門市撫養町弁財天字派名26-9,,,088-686-4695
保育所,うずしお保育園,,鳴門市撫養町斎田字西発88-1,,,088-686-9227
保育所,正興寺保育園,,鳴門市撫養町斎田字岩崎144,,,088-686-1188
保育所,つくし保育所,,鳴門市撫養町立岩字芥原46-12,,,088-686-1214
保育所,みどり保育所,,鳴門市大麻町市場字小桑木54,,,088-689-1386
保育所,板東みやま保育園,,鳴門市大麻町板東字東山田83-2,,,088-689-3300
保育所,板東ゆたか保育園,,鳴門市大麻町板東塚鼻26,,,088-689-3322
保育所,すくすく保育園,,鳴門市大麻町大谷字井利の肩29,,,088-689-3733
保育所,長寿寺保育園,,鳴門市北灘町粟田字東傍示278,,,088-682-0855
保育所,すみれ保育園,,鳴門市大津町大幸字塩田27-1,,,088-685-0055
保育所,矢倉乳児保育園,,鳴門市大津町矢倉字参の越35,,,088-685-6364
保育所,矢倉保育園,,鳴門市大津町矢倉字弐の越34-2,,,088-686-9469
保育所,瀬戸保育所,,鳴門市瀬戸町堂浦字地廻り参214-1,,,088-688-0415
保育所,明神善隣館保育所,,鳴門市瀬戸町明神字丸山83-16,,,088-688-0582
保育所,里浦ちどり保育所,,鳴門市里浦町里浦字坂田217-4,,,088-685-0249
保育所,いずみ保育園,,鳴門市鳴門町高島字南433-2,,,088-687-0616
保育所,こまつしま健祥会保育園,,小松島市中田町字新開2-8,,,0885-32-0266
保育所,泰地保育所,,小松島市中郷町字西久保4-1,,,0885-32-9024
保育所,立江保育所,,小松島市立江町字鍋寺109-4,,,0885-37-2286
保育所,坂野保育所,,小松島市坂野町字根上り13-1,,,0885-37-1770
保育所,目佐保育所,,小松島市坂野町字目佐101,,,0885-37-1290
保育所,和田島保育所,,小松島市和田島町字明神北130,,,0885-37-2044
保育所,かもめ保育園,,小松島市和田島町西林66-1,,,0885-38-2270
保育所,県前保育所,,小松島市中郷町字加藤18-1,,,0885-32-5081
保育所,横須保育所,,小松島市横須町11-7,,,0885-32-2745
保育所,子安保育所,,小松島市田浦町子安73,,,0885-32-3462
保育所,ひかり保育園,,小松島市芝生町字赤石169-4,,,0885-33-3151
保育所,花しんばり保育園,,"小松島市大林町字鎌須38,40-5",,,0885-37-1015
保育所,富岡保育所,,阿南市富岡町トノ町96-1,,,0884-22-0136
保育所,寿保育所,,阿南市富岡町寿通り108,,,0884-22-7734
保育所,宝田保育所,,阿南市宝田町久保田97-1,,,0884-22-8099
保育所,阿南保育園,,阿南市宝田町荒井161-2,,,0884-22-9558
保育所,長生保育所,,阿南市長生町五反地18,,,0884-22-7335
保育所,本庄保育所,,阿南市長生町平久保60,,,0884-22-7744
保育所,桑野保育所,,阿南市桑野町中野202,,,0884-26-0102
保育所,山口保育所,,阿南市山口町末広12-1,,,0884-26-0353
保育所,津乃峰保育所,,阿南市津乃峰町長浜387,,,0884-27-0260
保育所,明星保育所,,阿南市上中町中原353-2,,,0884-22-0784
保育所,中野島保育所,,阿南市柳島町八剣74,,,0884-22-5546
保育所,橘保育所,,阿南市橘町久保38-3,,,0884-26-8800
保育所,福井保育所,,阿南市福井町高田117-3,,,0884-34-2153
保育所,横見保育所,,阿南市横見町長岡東50-1,,,0884-22-6701
保育所,新野保育所,,阿南市新野町片山54,,,0884-36-2241
保育所,椿保育所,,阿南市椿町高岸64-1,,,0884-33-1049
保育所,大野保育所,,阿南市下大野町小野74-1,,,0884-23-1107
保育所,あけぼの保育園,,阿南市住吉町北久保56,,,0884-23-1163
保育所,見能方保育所,,阿南市見能林町東野12-2,,,0884-22-0089
保育所,阿南ひまわり保育園,,阿南市見能林町堤ノ内5-1,,,0884-23-1007
保育所,お山保育園,,阿南市見能林町花谷56-2,,,0884-23-2001
保育所,今津こどもセンター,,阿南市那賀川町大字今津浦字喜来65-1,,,0884-42-0720
保育所,平島こどもセンター,,阿南市那賀川町苅屋370-5,,,0884-21-2002
保育所,那賀川ひまわり保育園,,阿南市那賀川町原261,,,0884-42-1003
保育所,羽ノ浦くるみ保育所,,阿南市羽ノ浦町中庄なかれ24-1,,,0884-44-2178
保育所,羽ノ浦すみれ保育所,,阿南市羽ノ浦町岩脇姥ｹ原81-1,,,0884-44-2278
保育所,羽ノ浦こばと保育所,,阿南市羽ノ浦町明見295-1,,,0884-44-2267
保育所,羽ノ浦さくら保育所,,阿南市羽ノ浦町春日野1-85,,,0884-44-2831
保育所,あざみ保育園,,阿南市羽ノ浦町宮倉羽ノ浦居内48-1,,,0884-44-2838
保育所,勝浦こすもす保育園,,勝浦郡勝浦町大字中角字豊田29-4,,,0885-42-3077
保育所,勝浦みかん保育園,,勝浦郡勝浦町大字三渓字上川原28-1,,,0885-42-2246
保育所,彩保育園,,勝浦郡上勝町大字正木字平間179,,,0885-45-0470
保育所,佐那河内保育所,,名東郡佐那河内村下字中川原13-1,,,088-679-2217
保育所,石井保育所,,名西郡石井町石井字石井633-5,,,088-674-0349
保育所,高原保育所,,名西郡石井町高原字中島465,,,088-674-3289
保育所,高川原保育所,,名西郡石井町高川原字高川原202-1,,,088-674-6849
保育所,浦庄保育所,,名西郡石井町浦庄字国実115-1,,,088-674-6792
保育所,光の子保育園,,名西郡石井町石井字石井556-5,,,088-674-2530
保育所,さくら保育園,,名西郡石井町高川原字高川原1029-2,,,088-675-0280
保育所,いしいキッズ,,名西郡石井町高川原字高川原313-9,,,088-674-7898
保育所,下分保育所,,名西郡神山町下分字西寺16-1,,,088-677-0222
保育所,広野保育所,,名西郡神山町阿野字広野154-1,,,088-678-0556
保育所,わじきこども園,,那賀郡那賀町和食郷八幡原1,,,0884-62-2309
保育所,延野保育園,,那賀郡那賀町延野字王子原89-1,,,0884-62-0595
保育所,木頭保育園,,那賀郡那賀町木頭大字和無田字ﾖｼﾉ37-1,,,0884-68-2108
保育所,平谷保育園,,那賀郡那賀町大殿字中北14,,,0884-67-0206
保育所,由岐保育園,,海部郡美波町西ノ地字西地50,,,0884-78-0547
保育所,木岐保育園,,"海部郡美波町木岐字喜多地952,953",,,0884-78-0670
保育所,阿部保育園,,海部郡美波町阿部212番地の2,,,0884-78-0672
保育所,日和佐保育園,,海部郡美波町奥河内字弁才天7-9,,,0884-77-0092
保育所,赤松保育園,,海部郡美波町赤松字野田138,,,0884-79-3002
保育所,牟岐保育園,,海部郡牟岐町大字中村字本村46-2,,,0884-72-0243
保育所,海南保育所,,海部郡海陽町四方原字広谷18,,,0884-73-0513
保育所,海部西保育所,,海部郡海陽町芝字岸ノ上1,,,0884-73-4011
保育所,二葉保育園,,海部郡海陽町鞆浦字立岩50-12,,,0884-73-1530
保育所,宍喰保育所,,海部郡海陽町大字久保字久保43,,,0884-76-2123
保育所,恵の園保育所,,海部郡海陽町大字宍喰浦字正梶188-23,,,0884-76-2248
保育所,まつしげ保育所,,板野郡松茂町笹木野字山東37-1,,,088-699-3160
保育所,松茂ひまわり保育園,,板野郡松茂町中喜来字群恵47-1,,,088-699-6610
保育所,きらら保育園,,板野郡松茂町中喜来字前原東7番越19-3,,,088-699-3886
保育所,北島町立保育所,,板野郡北島町中村字竹ノ下23-1,,,088-698-3858
保育所,めばえ保育園,,板野郡北島町中村字前田道添11-6,,,088-698-6554
保育所,みどり保育園,,板野郡北島町中村字河原11-3,,,088-699-5075
保育所,しらゆり保育園,,板野郡北島町北村字神屋敷4-2,,,088-698-7615
保育所,のぞみ保育園,,板野郡北島町新喜来字南ハリ27-1,,,088-698-8090
保育所,すみれキッズ,,板野郡北島町高房字百堤外30-4,,,088-698-5568
保育所,藍住中央保育所,,板野郡藍住町奥野字矢上前41-3,,,088-692-3105
保育所,藍住ひまわり保育園,,板野郡藍住町勝瑞字西勝地285,,,088-641-3045
保育所,あいずみ保育園,,板野郡藍住町東中富字龍池傍示44-1,,,088-692-0234
保育所,板野保育園,,板野郡板野町大寺岡の前20,,,088-672-2101
保育所,板野わかば保育園,,板野郡板野町大寺字郡頭27-2,,,088-672-3500
保育所,さくら保育所,,板野郡上板町西分字日吉前20-1,,,088-694-8180
保育所,一条保育所,,阿波市吉野町西条岡ノ川原135,,,088-696-2009
保育所,柿原保育所,,阿波市吉野町柿原字ヒロナカ256-1,,,088-696-2528
保育所,吉野中央保育所,,阿波市吉野町西条字大野神39-5,,,088-696-3046
保育所,土成中央保育所,,阿波市土成町吉田字山の神23-1,,,088-695-5681
保育所,八幡第一保育所,,阿波市市場町大野島字稲荷179-1,,,0883-36-2810
保育所,大俣保育所,,阿波市市場町上喜来字窪二俣1781-3,,,0883-36-2809
保育所,市場保育所,,阿波市市場町市場字上野段664,,,0883-36-3073
保育所,八幡第二保育所,,阿波市市場町山野上字立石48,,,0883-36-5296
保育所,伊沢保育所,,阿波市阿波町南柴生168,,,0883-35-3866
保育所,林保育所,,阿波市阿波町東整理121-1,,,0883-35-5047
保育所,久勝保育所,,阿波市阿波町野神93,,,0883-35-5086
保育所,鴨島中央保育所,,吉野川市鴨島町鴨島乙897-9,,,0883-24-2356
保育所,鴨島東保育所,,"吉野川市鴨島町麻植塚241-1,242-3",,,0883-24-1255
保育所,鴨島西保育所,,吉野川市鴨島町西麻植字中筋186,,,0883-24-1256
保育所,鴨島呉郷保育所,,吉野川市鴨島町飯尾550-24,,,0883-24-7852
保育所,鴨島ひかり乳幼児保育園,,"吉野川市鴨島町喜来323番地151,152,153",,,0883-24-1282
保育所,川島東保育所,,吉野川市川島町桑村860,,,0883-25-2160
保育所,川島西保育所,,吉野川市川島町学字辻74-2,,,0883-25-2302
保育所,川島乳児保育所,,吉野川市川島町桑村2666-2,,,0883-25-3824
保育所,山川東保育所,,吉野川市山川町諏訪266-4,,,0883-42-2235
保育所,山川南保育所,,吉野川市山川町字町86-1,,,0883-42-2430
保育所,山川中保育所,,吉野川市山川町字青木80,,,0883-42-5758
保育所,脇町保育所,,美馬市脇町大字猪尻字西の久保30,,,0883-52-1492
保育所,岩倉保育所,,美馬市脇町岩倉2426-4,,,0883-53-5533
保育所,江原保育所,,美馬市脇町字拝原700-1,,,0883-53-3070
保育所,美馬第一保育所,,美馬市美馬町字柿木61-1,,,0883-63-2223
保育所,美馬第二保育所,,美馬市美馬町字谷尻57-2,,,0883-63-4793
保育所,穴吹保育所,,美馬市穴吹町穴吹字畑中1-1,,,0883-53-7963
保育所,半田保育所,,美馬郡つるぎ町半田字田井487-2,,,0883-64-3607
保育所,貞光保育所,,美馬郡つるぎ町貞光字西山148-1,,,0883-62-2179
保育所,三野保育所,,三好市三野町芝生1293-8,,,0883-77-2041
保育所,王地保育所,,三好市三野町加茂野宮1378,,,0883-77-2077
保育所,池田第一保育所,,三好市池田町マチ2155-1,,,0883-72-0147
保育所,池田第二保育所,,三好市池田町中西サコダ151,,,0883-74-0103
保育所,かめの子保育園,,三好市池田町シマ799-7,,,0883-72-2215
保育所,大泉保育園,,三好市池田町ヤマダ668,,,0883-72-5713
保育所,上名保育所,,三好市山城町上名454-2,,,0883-84-1352
保育所,政友保育所,,三好市山城町政友42番地,,,0883-86-2115
保育所,西井川保育所,,三好市井川町西井川383,,,0883-76-3180
保育所,東祖谷保育所,,三好市東祖谷下瀬202番地3,,,0883-88-2535
保育所,櫟生保育所,,三好市西祖谷山村一宇262-1,,,0883-87-2239
保育所,みよし保育所,,三好郡東みよし町昼間3025-9,,,0883-79-2496
保育所,みのだ保育園,,三好郡東みよし町昼間1022-1,,,0883-79-3354
保育所,みのり乳児園,,三好郡東みよし町加茂1454-1,,,0883-82-3150
保育所,みかも保育所,,三好郡東みよし町西庄字戎堂11-1,,,0883-82-2145
保育所,伊島保育所,,阿南市伊島町伊吹31,,,0884-33-0392
保育所,桜谷保育園,,那賀郡那賀町桜谷字東畑46-1,,,0884-66-0332
保育所,木沢保育園,,那賀郡那賀町大字坂州字向工155-3,,,0884-65-2161
幼稚園,延野幼稚園,,那賀郡那賀町延野字王子原93-1,33.82085458,134.4757052,
幼稚園,三庄幼稚園,,三好郡東みよし町中庄1130-1,34.03820379,133.9460543,
幼稚園,加茂幼稚園,,三好郡東みよし町加茂2688,34.03626381,133.9230933,
幼稚園,足代幼稚園,,三好郡東みよし町足代2708,34.04301323,133.901756,
幼稚園,昼間幼稚園,,三好郡東みよし町昼間1550-1,34.04250998,133.877348,
幼稚園,古見幼稚園,,美馬郡つるぎ町一宇字太刀之本5-4,33.95127591,134.0620612,
幼稚園,太田幼稚園,,美馬郡つるぎ町貞光字太田西107,34.04451904,134.0801794,
幼稚園,貞光幼稚園,,美馬郡つるぎ町貞光字野口66,34.03564014,134.0603251,
幼稚園,半田幼稚園,,美馬郡つるぎ町半田字田井289,34.03214015,134.0306596,
幼稚園,神宅幼稚園,,板野郡上板町神宅字喜来135,34.13380327,134.4141217,
幼稚園,東光幼稚園,,板野郡上板町西分字東光8,34.11715893,134.4285278,
幼稚園,高志幼稚園,,板野郡上板町高瀬字天目一1108,34.10415787,134.4191733,
幼稚園,松島幼稚園,,板野郡上板町鍛冶屋原字北原20,34.12061663,134.3994392,
幼稚園,板野西幼稚園　,,板野郡板野町那東字楠木15,34.1356829,134.4382138,
幼稚園,板野東幼稚園大坂分園,,板野郡板野町大坂字宮東20,34.17808066,134.4482152,
幼稚園,板野東幼稚園,,板野郡板野町吹田字町東8-1,34.1473869,134.4635636,
幼稚園,板野南幼稚園,,板野郡板野町下庄字真弓71,34.12373064,134.4573717,
幼稚園,藍住南幼稚園,,板野郡藍住町奥野字猪熊89-1,34.12343711,134.4917369,
幼稚園,藍住西幼稚園,,板野郡藍住町富吉字地神79,34.137756,134.488586,
幼稚園,藍住北幼稚園,,板野郡藍住町住吉字乾1,34.13187537,134.5057485,
幼稚園,藍住東幼稚園,,板野郡藍住町勝瑞字成長65,34.12866526,134.5190315,
幼稚園,北島北幼稚園,,板野郡北島町北村字壱町四反地24-3,34.13592207,134.5523757,
幼稚園,北島幼稚園,,板野郡北島町中村字長池34-1,34.12486651,134.5488794,
幼稚園,北島南幼稚園,,板野郡北島町鯛浜字向42,34.11889497,134.5430638,
幼稚園,喜来幼稚園,,板野郡松茂町中喜来字前原西一番越14,34.14286349,134.5742532,
幼稚園,長原幼稚園,,板野郡松茂町長原535,34.1181314,134.6030023,
幼稚園,松茂幼稚園,,板野郡松茂町住吉字住吉開拓187,34.13247622,134.5900232,
幼稚園,海陽幼稚園,,海部郡海陽町四方原字広谷18,33.61479177,134.3574146,
幼稚園,日和佐幼稚園,,海部郡美波町奥河内字弁財天19-3,33.72795223,134.5336552,
幼稚園,あい幼稚園,,那賀郡那賀町阿井字寺西7 ,33.84909511,134.4806953,
幼稚園,北川幼稚園,,那賀郡那賀町木頭折宇字六地蔵89,33.77494552,134.1137201,
幼稚園,藍畑幼稚園,,名西郡石井町藍畑字東覚円670,34.09790795,134.4410021,
幼稚園,高川原幼稚園,,名西郡石井町高川原字高川原1258,34.07651126,134.4489324,
幼稚園,浦庄幼稚園,,名西郡石井町浦庄字下浦481-1,34.06560433,134.4156499,
幼稚園,高原幼稚園,,名西郡石井町高原字東高原251,34.08326985,134.4215935,
幼稚園,石井幼稚園,,名西郡石井町石井字石井1170-1,34.0645837,134.4432932,
幼稚園,吾橋幼稚園,,三好市西祖谷山村下吾橋303-2,33.86635017,133.7869795,
幼稚園,井内幼稚園,,三好市井川町井内西4896-1,33.99935769,133.880585,
幼稚園,西井川幼稚園,,三好市井川町西井川610-1,34.03238834,133.843728,
幼稚園,辻幼稚園,,三好市井川町辻39,34.02788744,133.8781406,
幼稚園,山城幼稚園　,,三好市山城町大川持30-2,33.96601117,133.7541115,
幼稚園,箸蔵幼稚園,,三好市池田町州津井関1109-1,34.03788059,133.8375592,
幼稚園,池田幼稚園,,三好市池田町ウエノ2869-2,34.03088304,133.8089181,
幼稚園,三縄幼稚園,,三好市池田町中西イバ504-11,33.99688997,133.7913992,
幼稚園,白地幼稚園,,三好市池田町白地本名155,34.01689956,133.7815886,
幼稚園,三島幼稚園,,美馬市穴吹町三島字三谷374,34.05512944,134.1305738,
幼稚園,穴吹幼稚園,,美馬市穴吹町穴吹字柏40,34.0467649,134.1691472,
幼稚園,重清西幼稚園,,美馬市美馬町字八幡115,34.04750108,134.0172379,
幼稚園,重清東幼稚園,,美馬市美馬町字大泉51-1,34.05133242,134.043022,
幼稚園,喜来幼稚園,,美馬市美馬町字天神63-1,34.04855894,134.0534612,
幼稚園,芝坂幼稚園,,美馬市美馬町字南原26,34.06440303,134.0865489,
幼稚園,郡里幼稚園,,美馬市美馬町字助松158,34.05615691,134.067402,
幼稚園,岩倉幼稚園,,美馬市脇町岩倉2901,34.06291823,134.1130003,
幼稚園,清水幼稚園,,美馬市脇町字西俣名1069,34.15663261,134.1561795,
幼稚園,江原南幼稚園,,美馬市脇町字拝原700-1,34.07186349,134.1721185,
幼稚園,江原北幼稚園,,美馬市脇町字西赤谷3744-2,34.11169711,134.1711569,
幼稚園,脇町幼稚園,,美馬市脇町大字猪尻字西ノ久保116,34.07055114,134.1514089,
幼稚園,木屋平幼稚園,,美馬市木屋平字谷口235-1,33.91490742,134.1756782,
幼稚園,林幼稚園,,阿波市阿波町東整理155,34.07415651,134.2010679,
幼稚園,伊沢幼稚園,,阿波市阿波町南柴生83-1,34.08847916,134.2298686,
幼稚園,久勝幼稚園,,阿波市阿波町森沢24-1,34.0853068,134.2513597,
幼稚園,八幡幼稚園,,阿波市市場町大野島字稲荷183,34.09143427,134.3108534,
幼稚園,大俣幼稚園,,阿波市市場町大俣字行峯255-4,34.10315802,134.2624332,
幼稚園,市場幼稚園,,阿波市市場町市場字上野段676,34.08676284,134.2868616,
幼稚園,土成中央幼稚園,,阿波市土成町吉田字山の神23-1,34.12360671,134.3517761,
幼稚園,柿原幼稚園,,阿波市吉野町柿原字ヒロナカ256-1,34.09655659,134.3521558,
幼稚園,一条幼稚園,,阿波市吉野町西条字岡ノ川原135,34.1006128,134.3862265,
幼稚園,種野幼稚園,,吉野川市美郷字川俣47,34.03138851,134.2567745,
幼稚園,川田西幼稚園,,吉野川市山川町川田429-6,34.06165951,134.208437,
幼稚園,川田幼稚園,,吉野川市山川町住吉189,34.04747033,134.232459,
幼稚園,川田中幼稚園,,吉野川市山川町町53,34.04616831,134.224879,
幼稚園,山瀬幼稚園,,吉野川市山川町諏訪266-5,34.06173521,134.2511338,
幼稚園,学島幼稚園,,吉野川市川島町学字唐戸50,34.05481034,134.2814988,
幼稚園,川島幼稚園,,吉野川市川島町桑村857,34.06012495,134.3181547,
幼稚園,鴨島幼稚園,,吉野川市鴨島町鴨島600-1,34.07276095,134.3522492,
幼稚園,飯尾敷地幼稚園,,吉野川市鴨島町飯尾35-1,34.06245416,134.3492978,
幼稚園,西麻植幼稚園,,吉野川市鴨島町西麻植字絵馬堂95-1,34.06790932,134.3378579,
幼稚園,森山幼稚園,,吉野川市鴨島町山路1086,34.06245264,134.3707308,
幼稚園,上浦幼稚園,,吉野川市鴨島町上浦931,34.06847014,134.3971093,
幼稚園,牛島幼稚園,,吉野川市鴨島町牛島901-1,34.07395523,134.386241,
幼稚園,知恵島幼稚園,,吉野川市鴨島町知恵島781,34.07998093,134.3503369,
幼稚園,宝田幼稚園,,阿南市宝田町久保田97-1,33.9223392,134.6371836,
幼稚園,見能林幼稚園,,阿南市見能林町東野10-2,33.89930682,134.6732777,
幼稚園,橘幼稚園,,阿南市橘町久保38-3,33.87252476,134.6402623,
幼稚園,新野東幼稚園,,阿南市新野町名光120-2　　　　　　　　　　　　　　,33.84446124,134.6033005,
幼稚園,新野幼稚園,,阿南市新野町片山54,33.84738395,134.5866386,
幼稚園,富岡幼稚園,,阿南市領家町浜田182-1,33.92293405,134.6685121,
幼稚園,大野幼稚園,,阿南市下大野町三条15-5,33.93435686,134.5951674,
幼稚園,加茂谷幼稚園,,阿南市吉井町原33,33.92222976,134.5586086,
幼稚園,横見幼稚園,,阿南市横見町上木戸49-1,33.9288629,134.656052,
幼稚園,新開幼稚園,,小松島市大林町字中津44-5,33.9780974,134.6180925,
幼稚園,和田島幼稚園,,小松島市和田島町字山のはな27,33.99646622,134.6399119,
幼稚園,坂野幼稚園,,小松島市坂野町字根上り10,33.98208751,134.6328923,
幼稚園,立江幼稚園,,小松島市立江町字松本34-3,33.96819563,134.6036054,
幼稚園,芝田幼稚園,,小松島市田野町字月の輪77-4,33.98706571,134.5856879,
幼稚園,児安幼稚園,,小松島市田浦町字近里27,34.0023156,134.5655436,
幼稚園,千代幼稚園,,小松島市中田町字奥林29,34.0146098,134.5750951,
幼稚園,北小松島幼稚園,,小松島市小松島町字北浜80,34.01488991,134.5863991,
幼稚園,南小松島幼稚園,,小松島市小松島町字高須36,34.00540249,134.5857226,
幼稚園,小松島幼稚園,,小松島市神田瀬町2-63,34.00958658,134.5811507,
幼稚園,堀江南幼稚園,,鳴門市大麻町西馬詰字橋ノ本7,34.14514919,134.5413214,
幼稚園,堀江北幼稚園,,鳴門市大麻町大谷字中筋53,34.15879995,134.5398054,
幼稚園,北難西幼稚園,,鳴門市北灘町折野字屋敷64-3,34.21377622,134.4823743,
幼稚園,北難東幼稚園,,鳴門市北灘町粟田字西傍示228-1,34.22413534,134.541043,
幼稚園,大津西幼稚園,,鳴門市大津町大代1210,34.16777,134.567612,
幼稚園,瀬戸幼稚園,,鳴門市瀬戸町堂浦字地廻り参220-1,34.224992,134.5880902,
幼稚園,成稔幼稚園,,鳴門市鳴門町高島字北221,34.20377184,134.5969973,
幼稚園,鳴門東幼稚園,,鳴門市鳴門町土佐泊浦字高砂65-3,34.196018,134.62355,
幼稚園,里浦幼稚園,,鳴門市里浦町里浦字西浜401,34.16760141,134.6266942,
幼稚園,黒崎幼稚園,,鳴門市撫養町黒崎字清水86-2,34.18939019,134.5958946,
幼稚園,第一幼稚園,,鳴門市大津町木津野字薮の内55-2,34.16903032,134.5925978,
幼稚園,桑島幼稚園,,鳴門市撫養町大桑島字与三左谷32,34.183865,134.607635,
幼稚園,精華幼稚園,,鳴門市撫養町立岩字内田73,34.17578232,134.6168936,
幼稚園,撫養幼稚園,,鳴門市撫養町斎田字岩崎135-3,34.17776469,134.6013364,
幼稚園,板東幼稚園,,鳴門市大麻町板東字采女34,34.15593482,134.5031034,
幼稚園,明神幼稚園,,鳴門市瀬戸町明神字越浦70,34.20142603,134.5804767,
幼稚園,加茂名南幼稚園,,徳島市鮎喰町2-11-1,34.06990203,134.500184,
幼稚園,八万南幼稚園,,徳島市八万町橋本93-3,34.0425188,134.53124,
幼稚園,南井上幼稚園,,徳島市国府町日開1006,34.0871716,134.4757787,
幼稚園,北井上幼稚園,,徳島市国府町西黒田字南傍示275-1,34.10029075,134.4662865,
幼稚園,城東幼稚園,,徳島市住吉3-5-12,34.07647666,134.5704029,
幼稚園,大松幼稚園,,徳島市勝占町中須156-1,34.02371814,134.5531488,
幼稚園,国府幼稚園,,徳島市国府町中62-1,34.06766629,134.483613,
幼稚園,応神幼稚園,,徳島市応神町吉成字長田93-1,34.11539385,134.5282077,
幼稚園,川内北幼稚園,,徳島市川内町大松21-3,34.11432885,134.5731375,
幼稚園,川内南幼稚園,,徳島市川内町宮島錦野160-1 ,34.09562731,134.583305,
幼稚園,入田幼稚園,,徳島市入田町笠木11,34.03878312,134.4415238,
幼稚園,上八万幼稚園,,徳島市上八万町樋口151-1,34.03548282,134.5081943,
幼稚園,一宮幼稚園,,徳島市一宮町東丁231,34.03815507,134.4718194,
幼稚園,不動幼稚園,,徳島市不動本町2-140-7,34.09719465,134.5055005,
幼稚園,千松幼稚園,,徳島市南矢三町1-7-68,34.08415797,134.5310726,
幼稚園,八万幼稚園,,徳島市城南町4-1-56,34.05299011,134.5421962,
幼稚園,昭和幼稚園,,徳島市南昭和町6-3,34.05815904,134.5637373,
幼稚園,沖洲幼稚園,,徳島市南沖洲5-5-77,34.0606,134.5848476,
幼稚園,加茂名幼稚園,,徳島市庄町5-14-8　　　　　　　　　,34.07300531,134.5054928,
幼稚園,津田幼稚園,,徳島市津田西町2-5-34,34.04883291,134.574053,
幼稚園,助任幼稚園,,徳島市北前川町2-10,34.08069838,134.5551608,
幼稚園,福島幼稚園,,徳島市福島1-7-53,34.07006279,134.5656621,
幼稚園,佐古幼稚園,,徳島市佐古六番町1-2,34.07743944,134.52967,
幼稚園,富田幼稚園,,徳島市富田橋2-28,34.06328514,134.5534426,
幼稚園,新町幼稚園,,徳島市東山手町2-16-10,34.06807938,134.5448051,
幼稚園,内町幼稚園,,徳島市幸町3-73,34.06880197,134.5552282,
